stratum,year,popEst,sePopEst,VCF,seVCF
1,1975,1606,1372,2.43,0.46
2,1975,365,346,2.43,0.46
3,1975,9427,8145,2.43,0.46
4,1975,20363,11540,2.43,0.46
5,1975,0,0,2.43,0.46
6,1975,0,0,2.43,0.46
8,1975,0,0,2.43,0.46
9,1975,498,476,2.43,0.46
10,1975,0,0,2.43,0.46
11,1975,2169,1656,2.43,0.46
12,1975,4255,4024,2.59,0.46
13,1975,1421,846,2.59,0.46
14,1975,2173,2172,2.59,0.46
15,1975,0,0,2.59,0.46
16,1975,0,0,2.59,0.46
17,1975,13255,12049,2.59,0.46
18,1975,2253,2342,2.59,0.46
20,1975,7355,3857,2.59,0.46
21,1975,0,0,2.59,0.46
22,1975,2526,1322,2.59,0.46
23,1975,6996,6802,2.59,0.46
24,1975,6612,4029,2.59,0.46
25,1975,13349,3937,2.59,0.46
26,1975,69502,17072,0.82,0.19
27,1975,6043,1961,0.82,0.19
28,1975,1102,890,0.82,0.19
29,1975,2298,1355,0.82,0.19
30,1975,48832,16108,1.5,0.3
31,1975,64898,16332,1.5,0.3
32,1975,64877,14529,1.5,0.3
33,1975,1891,1103,1.5,0.3
34,1975,48691,7868,2.22,0.33
35,1975,23695,4561,2.22,0.33
36,1975,4999,2346,2.22,0.33
37,1975,29666,6289,2.22,0.33
38,1975,928,702,2.22,0.33
39,1975,15173,4844,2.22,0.33
40,1975,26799,7405,2.22,0.33
41,1975,2112,1991,2.02,0.7
42,1975,0,0,2.02,0.7
43,1975,0,0,2.02,0.7
44,1975,0,0,2.02,0.7
45,1975,33367,6962,2.07,0.32
46,1975,5919,1484,2.07,0.32
47,1975,0,0,2.07,0.32
48,1975,2363,2008,2.07,0.32
49,1975,3236,3345,2.07,0.32
75,1975,32235.07,25328.64,2.59,0.46
76,1975,0,0,2.59,0.46
77,1975,5577.03,5231.24,2.59,0.46
1,1976,0,0,2.43,0.46
2,1976,0,0,2.43,0.46
3,1976,8399,4634,2.43,0.46
4,1976,39413,13692,2.43,0.46
5,1976,0,0,2.43,0.46
6,1976,0,0,2.43,0.46
8,1976,0,0,2.43,0.46
9,1976,0,0,2.43,0.46
10,1976,0,0,2.43,0.46
11,1976,0,0,2.43,0.46
12,1976,0,0,2.59,0.46
13,1976,2132,1391,2.59,0.46
14,1976,1127,1193,2.59,0.46
15,1976,9689,7354,2.59,0.46
16,1976,0,0,2.59,0.46
17,1976,9037,2845,2.59,0.46
18,1976,0,0,2.59,0.46
20,1976,15645,6637,2.59,0.46
21,1976,3275,2190,2.59,0.46
22,1976,12628,4328,2.59,0.46
23,1976,1230,1320,2.59,0.46
24,1976,5735,5019,2.59,0.46
25,1976,16611,4850,2.59,0.46
26,1976,44772,8363,1.64,0.25
27,1976,3339,1417,1.64,0.25
28,1976,2193,885,1.64,0.25
29,1976,1777,541,1.64,0.25
30,1976,64265,21448,1.81,0.36
31,1976,64616,28762,1.81,0.36
32,1976,78939,21071,1.81,0.36
33,1976,5471,4531,1.81,0.36
34,1976,51661,25203,2.97,1.07
35,1976,18325,7490,2.97,1.07
36,1976,7815,7360,2.97,1.07
37,1976,48001,29199,2.97,1.07
38,1976,0,0,2.97,1.07
39,1976,19851,7808,2.97,1.07
40,1976,35111,15585,2.97,1.07
41,1976,13066,7710,2.02,0.7
42,1976,3165,1986,2.02,0.7
43,1976,5484,4208,2.02,0.7
44,1976,2555,2479,2.02,0.7
45,1976,5845,2494,1.79,0.31
46,1976,3973,1454,1.79,0.31
47,1976,0,0,1.79,0.31
48,1976,560,377,1.79,0.31
49,1976,0,0,1.79,0.31
75,1976,2479.62,1948.35,2.59,0.46
76,1976,0,0,2.59,0.46
77,1976,0,0,2.59,0.46
1,1977,8029,8769,2.43,0.46
2,1977,0,0,2.43,0.46
3,1977,35034,19221,2.43,0.46
4,1977,96890,39405,2.43,0.46
5,1977,4888,2087,2.43,0.46
6,1977,1372,671,2.43,0.46
8,1977,2094,2011,2.43,0.46
9,1977,7965,7225,2.43,0.46
10,1977,3122,965,2.43,0.46
11,1977,3254,2275,2.43,0.46
12,1977,5248,2661,2.59,0.46
13,1977,4975,3015,2.59,0.46
14,1977,7323,6227,2.59,0.46
15,1977,0,0,2.59,0.46
16,1977,3172,3887,2.59,0.46
17,1977,3615,3610,2.59,0.46
18,1977,4506,4684,2.59,0.46
20,1977,9762,2493,2.59,0.46
21,1977,672,662,2.59,0.46
22,1977,16100,7554,2.59,0.46
23,1977,0,0,2.59,0.46
24,1977,12067,12740,2.59,0.46
25,1977,16158,5964,2.59,0.46
26,1977,55472,13664,1.58,0.24
27,1977,1027,548,1.58,0.24
28,1977,3012,1170,1.58,0.24
29,1977,5128,2288,1.58,0.24
30,1977,87268,26534,2.3,0.39
31,1977,62643,31102,2.3,0.39
32,1977,61639,13784,2.3,0.39
33,1977,3479,2075,2.3,0.39
34,1977,28372,8482,2.39,0.4
35,1977,13060,5365,2.39,0.4
36,1977,0,0,2.39,0.4
37,1977,30241,11186,2.39,0.4
38,1977,0,0,2.39,0.4
39,1977,8133,4566,2.39,0.4
40,1977,19788,9132,2.39,0.4
41,1977,3168,1877,2.02,0.7
42,1977,0,0,2.02,0.7
43,1977,1828,1869,2.02,0.7
44,1977,2044,1352,2.02,0.7
45,1977,6937,2874,1.8,0.33
46,1977,1517,777,1.8,0.33
47,1977,0,0,1.8,0.33
48,1977,281,280,1.8,0.33
49,1977,666,550,1.8,0.33
75,1977,1239.81,974.17,2.59,0.46
76,1977,0,0,2.59,0.46
77,1977,14723.37,8494.79,2.59,0.46
1,1978,1338,1461,2.43,0.46
2,1978,0,0,2.43,0.46
3,1978,9599,7671,2.43,0.46
4,1978,32187,16553,2.43,0.46
5,1978,0,0,2.43,0.46
6,1978,0,0,2.43,0.46
8,1978,0,0,2.43,0.46
9,1978,1493,1428,2.43,0.46
10,1978,2342,2434,2.43,0.46
11,1978,542,531,2.43,0.46
12,1978,284,268,2.59,0.46
13,1978,2843,2041,2.59,0.46
14,1978,2253,2266,2.59,0.46
15,1978,2528,1998,2.59,0.46
16,1978,3172,3554,2.59,0.46
17,1978,7230,4078,2.59,0.46
18,1978,0,0,2.59,0.46
20,1978,7889,3138,2.59,0.46
21,1978,1827,949,2.59,0.46
22,1978,2526,1789,2.59,0.46
23,1978,2018,2028,2.59,0.46
24,1978,6033,3907,2.59,0.46
25,1978,20386,5931,2.59,0.46
26,1978,41376,6991,1.6,0.14
27,1978,3917,1284,1.6,0.14
28,1978,2450,1347,1.6,0.14
29,1978,3475,640,1.6,0.14
30,1978,38774,13888,1.46,0.28
31,1978,25730,9915,1.46,0.28
32,1978,35746,8156,1.46,0.28
33,1978,738,443,1.46,0.28
34,1978,21987,6839,1.01,0.22
35,1978,6022,2041,1.01,0.22
36,1978,570,534,1.01,0.22
37,1978,14045,4422,1.01,0.22
38,1978,0,0,1.01,0.22
39,1978,6977,2109,1.01,0.22
40,1978,15691,4716,1.01,0.22
41,1978,5939,3297,2.02,0.7
42,1978,452,430,2.02,0.7
43,1978,1371,1364,2.02,0.7
44,1978,0,0,2.02,0.7
45,1978,8722,2218,2.12,0.33
46,1978,6928,2111,2.12,0.33
47,1978,0,0,2.12,0.33
48,1978,10255,5220,2.12,0.33
49,1978,2071,1963,2.12,0.33
75,1978,0,0,2.59,0.46
76,1978,3387.2,2661.49,2.59,0.46
77,1978,4015.46,2800.8,2.59,0.46
1,1979,0,0,2.43,0.46
2,1979,0,0,2.43,0.46
3,1979,19198,12638,2.43,0.46
4,1979,33501,11329,2.43,0.46
5,1979,752,514,2.43,0.46
6,1979,2494,2377,2.43,0.46
8,1979,0,0,2.43,0.46
9,1979,1991,1452,2.43,0.46
10,1979,0,0,2.43,0.46
11,1979,0,0,2.43,0.46
12,1979,3688,2676,2.59,0.46
13,1979,12081,5341,2.59,0.46
14,1979,0,0,2.59,0.46
15,1979,0,0,2.59,0.46
16,1979,0,0,2.59,0.46
17,1979,0,0,2.59,0.46
18,1979,0,0,2.59,0.46
20,1979,9360,4782,2.59,0.46
21,1979,609,605,2.59,0.46
22,1979,5998,2262,2.59,0.46
23,1979,1968,1980,2.59,0.46
24,1979,0,0,2.59,0.46
25,1979,11627,3444,2.59,0.46
26,1979,34185,8016,2.42,0.5
27,1979,5509,2049,2.42,0.5
28,1979,5538,3042,2.42,0.5
29,1979,8230,5780,2.42,0.5
30,1979,84134,35297,2.2,0.4
31,1979,54544,15535,2.2,0.4
32,1979,73837,18143,2.2,0.4
33,1979,5557,1786,2.2,0.4
34,1979,46451,17265,2.08,0.59
35,1979,16408,5817,2.08,0.59
36,1979,1563,1467,2.08,0.59
37,1979,17851,5289,2.08,0.59
38,1979,435,337,2.08,0.59
39,1979,9637,3695,2.08,0.59
40,1979,19830,6936,2.08,0.59
41,1979,8183,5473,2.02,0.7
42,1979,2260,1577,2.02,0.7
43,1979,10511,6161,2.02,0.7
44,1979,1533,1523,2.02,0.7
45,1979,23687,4935,2.3,0.36
46,1979,8497,2958,2.3,0.36
47,1979,0,0,2.3,0.36
48,1979,3594,2145,2.3,0.36
49,1979,426,344,2.3,0.36
75,1979,23556.4,5741.08,2.59,0.46
76,1979,0,0,2.59,0.46
77,1979,6829.02,3544.29,2.59,0.46
1,1980,0,0,2.43,0.46
2,1980,1095,838,2.43,0.46
3,1980,21940,20966,2.43,0.46
4,1980,97219,40533,2.43,0.46
5,1980,1504,790,2.43,0.46
6,1980,499,346,2.43,0.46
8,1980,0,0,2.43,0.46
9,1980,13441,6703,2.43,0.46
10,1980,2676,2231,2.43,0.46
11,1980,4881,2366,2.43,0.46
12,1980,8227,2493,2.59,0.46
13,1980,12792,3900,2.59,0.46
14,1980,1127,1054,2.59,0.46
15,1980,0,0,2.59,0.46
16,1980,0,0,2.59,0.46
17,1980,3615,1979,2.59,0.46
18,1980,12391,9568,2.59,0.46
20,1980,18988,9600,2.59,0.46
21,1980,0,0,2.59,0.46
22,1980,7577,3292,2.59,0.46
23,1980,1193,1207,2.59,0.46
24,1980,15499,15835,2.59,0.46
25,1980,30050,8584,2.59,0.46
26,1980,55927,11391,2.88,0.43
27,1980,1875,593,2.88,0.43
28,1980,1649,974,2.88,0.43
29,1980,2674,2079,2.88,0.43
30,1980,125243,44301,3.7,0.99
31,1980,69961,26974,3.7,0.99
32,1980,67319,20759,3.7,0.99
33,1980,4669,1733,3.7,0.99
34,1980,28475,8656,1.14,0.18
35,1980,11538,3598,1.14,0.18
36,1980,2787,1395,1.14,0.18
37,1980,23041,4477,1.14,0.18
38,1980,0,0,1.14,0.18
39,1980,8975,3815,1.14,0.18
40,1980,11032,2585,1.14,0.18
41,1980,4771,1595,3.65,0.72
42,1980,0,0,3.65,0.72
43,1980,1652,1642,3.65,0.72
44,1980,924,940,3.65,0.72
45,1980,23501,8459,2.47,0.4
46,1980,3385,1566,2.47,0.4
47,1980,0,0,2.47,0.4
48,1980,6167,5760,2.47,0.4
49,1980,914,754,2.47,0.4
75,1980,6818.95,5357.98,2.59,0.46
76,1980,0,0,2.59,0.46
77,1980,10707.91,10258.36,2.59,0.46
1,1981,0,0,2.43,0.46
2,1981,0,0,2.43,0.46
3,1981,17827,9157,2.43,0.46
4,1981,62732,26808,2.43,0.46
5,1981,3008,2484,2.43,0.46
6,1981,249,238,2.43,0.46
8,1981,0,0,2.43,0.46
9,1981,21406,9976,2.43,0.46
10,1981,5352,4695,2.43,0.46
11,1981,12745,10095,2.43,0.46
12,1981,9504,1999,2.59,0.46
13,1981,21675,7960,2.59,0.46
14,1981,5867,3867,2.59,0.46
15,1981,4845,6022,2.59,0.46
16,1981,0,0,2.59,0.46
17,1981,12652,7705,2.59,0.46
18,1981,36045,14124,2.59,0.46
20,1981,26075,6367,2.59,0.46
21,1981,4705,3579,2.59,0.46
22,1981,18941,8271,2.59,0.46
23,1981,13118,6007,2.59,0.46
24,1981,8181,4818,2.59,0.46
25,1981,35185,12109,2.59,0.46
26,1981,43384,14440,1.51,0.44
27,1981,3201,2306,1.51,0.44
28,1981,2599,899,1.51,0.44
29,1981,234,238,1.51,0.44
30,1981,49398,17670,2.22,0.23
31,1981,21468,5580,2.22,0.23
32,1981,11641,3873,2.22,0.23
33,1981,1120,1084,2.22,0.23
34,1981,21320,9492,1.44,0.34
35,1981,5152,3552,1.44,0.34
36,1981,2159,2022,1.44,0.34
37,1981,30827,8611,1.44,0.34
38,1981,1203,921,1.44,0.34
39,1981,8438,2730,1.44,0.34
40,1981,23248,7609,1.44,0.34
41,1981,4520,2512,1.87,0.77
42,1981,837,624,1.87,0.77
43,1981,0,0,1.87,0.77
44,1981,0,0,1.87,0.77
45,1981,25815,7014,2.28,0.36
46,1981,6134,2420,2.28,0.36
47,1981,0,0,2.28,0.36
48,1981,2136,1766,2.28,0.36
49,1981,3800,2917,2.28,0.36
75,1981,4959.24,3896.71,2.59,0.46
76,1981,15242.43,11976.71,2.59,0.46
77,1981,6146.12,3300.7,2.59,0.46
1,1982,1873,1396,2.43,0.46
2,1982,0,0,2.43,0.46
3,1982,10627,5570,2.43,0.46
4,1982,63718,25669,2.43,0.46
5,1982,752,725,2.43,0.46
6,1982,10474,9736,2.43,0.46
8,1982,0,0,2.43,0.46
9,1982,6472,2959,2.43,0.46
10,1982,0,0,2.43,0.46
11,1982,1627,1592,2.43,0.46
12,1982,3972,3387,2.59,0.46
13,1982,4975,2275,2.59,0.46
14,1982,2173,2172,2.59,0.46
15,1982,0,0,2.59,0.46
16,1982,0,0,2.59,0.46
17,1982,22292,10026,2.59,0.46
18,1982,2253,1740,2.59,0.46
20,1982,4948,2427,2.59,0.46
21,1982,0,0,2.59,0.46
22,1982,15574,7016,2.59,0.46
23,1982,2624,1775,2.59,0.46
24,1982,1636,1667,2.59,0.46
25,1982,16007,4673,2.59,0.46
26,1982,56818,17963,1.69,0.35
27,1982,8243,4245,1.69,0.35
28,1982,7412,4166,1.69,0.35
29,1982,1306,807,1.69,0.35
30,1982,17830,8758,2.29,0.25
31,1982,33160,9270,2.29,0.25
32,1982,45066,7937,2.29,0.25
33,1982,5190,1987,2.29,0.25
34,1982,34608,6750,1.8,0.33
35,1982,16041,4907,1.8,0.33
36,1982,1186,1109,1.8,0.33
37,1982,14571,4739,1.8,0.33
38,1982,0,0,1.8,0.33
39,1982,9136,2495,1.8,0.33
40,1982,24586,6632,1.8,0.33
41,1982,12521,5778,2.26,0.83
42,1982,0,0,2.26,0.83
43,1982,0,0,2.26,0.83
44,1982,0,0,2.26,0.83
45,1982,21887,6431,2.32,0.35
46,1982,10523,4027,2.32,0.35
47,1982,0,0,2.32,0.35
48,1982,1811,1005,2.32,0.35
49,1982,430,485,2.32,0.35
75,1982,1239.81,974.17,2.59,0.46
76,1982,0,0,2.59,0.46
77,1982,12046.4,8342.72,2.59,0.46
1,1983,0,0,2.43,0.46
2,1983,0,0,2.43,0.46
3,1983,25883,21062,2.43,0.46
4,1983,70943,30608,2.43,0.46
5,1983,1880,1344,2.43,0.46
6,1983,748,713,2.43,0.46
8,1983,524,503,2.43,0.46
9,1983,498,476,2.43,0.46
10,1983,1338,1613,2.43,0.46
11,1983,3254,2913,2.43,0.46
12,1983,3404,2527,2.59,0.46
13,1983,19188,6677,2.59,0.46
14,1983,3380,2326,2.59,0.46
15,1983,0,0,2.59,0.46
16,1983,0,0,2.59,0.46
17,1983,0,0,2.59,0.46
18,1983,0,0,2.59,0.46
20,1983,18052,7436,2.59,0.46
21,1983,0,0,2.59,0.46
22,1983,12628,8092,2.59,0.46
23,1983,0,0,2.59,0.46
24,1983,894,900,2.59,0.46
25,1983,14648,6707,2.59,0.46
26,1983,35318,13626,2.22,0.3
27,1983,8660,2754,2.22,0.3
28,1983,2962,1180,2.22,0.3
29,1983,2744,673,2.22,0.3
30,1983,62222,10329,2.89,0.42
31,1983,45661,19735,2.89,0.42
32,1983,68185,13310,2.89,0.42
33,1983,6915,5108,2.89,0.42
34,1983,18438,4154,1.01,0.19
35,1983,11280,2812,1.01,0.19
36,1983,758,709,1.01,0.19
37,1983,10562,3554,1.01,0.19
38,1983,211,160,1.01,0.19
39,1983,8312,2073,1.01,0.19
40,1983,13539,4548,1.01,0.19
41,1983,2946,1591,2.26,0.83
42,1983,2018,2049,2.26,0.83
43,1983,1530,1564,2.26,0.83
44,1983,0,0,2.26,0.83
45,1983,7893,2432,2.56,0.43
46,1983,2966,1066,2.56,0.43
47,1983,0,0,2.56,0.43
48,1983,399,386,2.56,0.43
49,1983,1894,1039,2.56,0.43
75,1983,13637.91,10715.96,2.59,0.46
76,1983,0,0,2.59,0.46
77,1983,14723.37,8007.79,2.59,0.46
1,1984,803,537,2.43,0.46
2,1984,730,692,2.43,0.46
3,1984,20226,9453,2.43,0.46
4,1984,70943,28713,2.43,0.46
5,1984,2256,1770,2.43,0.46
6,1984,499,346,2.43,0.46
7,1984,876,729,2.43,0.46
8,1984,524,503,2.43,0.46
9,1984,11699,8494,2.43,0.46
10,1984,0,0,2.43,0.46
11,1984,5695,5572,2.43,0.46
12,1984,3972,3755,2.59,0.46
13,1984,24518,4454,2.59,0.46
14,1984,9013,5343,2.59,0.46
15,1984,0,0,2.59,0.46
16,1984,0,0,2.59,0.46
17,1984,8435,3464,2.59,0.46
18,1984,4506,1507,2.59,0.46
20,1984,3744,2165,2.59,0.46
21,1984,1458,967,2.59,0.46
22,1984,10102,3065,2.59,0.46
23,1984,0,0,2.59,0.46
24,1984,4909,3668,2.59,0.46
25,1984,17970,6027,2.59,0.46
26,1984,23424,5923,1.96,0.33
27,1984,638,314,1.96,0.33
28,1984,2245,1170,1.96,0.33
29,1984,303,309,1.96,0.33
30,1984,35126,14457,2.14,0.59
31,1984,50206,24003,2.14,0.59
32,1984,35254,10795,2.14,0.59
33,1984,1621,1085,2.14,0.59
34,1984,30290,8014,1.71,0.39
35,1984,5158,2269,1.71,0.39
36,1984,322,301,1.71,0.39
37,1984,12104,6038,1.71,0.39
38,1984,0,0,1.71,0.39
39,1984,13749,4197,1.71,0.39
40,1984,12074,4176,1.71,0.39
41,1984,2377,1725,2.02,0.73
42,1984,1131,1134,2.02,0.73
43,1984,2515,1640,2.02,0.73
44,1984,0,0,2.02,0.73
45,1984,32869,8732,2.8,0.45
46,1984,15492,8965,2.8,0.45
47,1984,0,0,2.8,0.45
48,1984,15287,8151,2.8,0.45
49,1984,518,584,2.8,0.45
75,1984,10501.92,2829.57,2.59,0.46
76,1984,17932.27,21004.26,2.59,0.46
77,1984,1365.8,1386.52,2.59,0.46
1,1985,268,262,2.43,0.46
2,1985,0,0,2.43,0.46
3,1985,9770,5977,2.43,0.46
4,1985,42697,18125,2.43,0.46
5,1985,0,0,2.43,0.46
6,1985,1247,956,2.43,0.46
7,1985,4282,1877,2.43,0.46
8,1985,2094,1644,2.43,0.46
9,1985,3485,1787,2.43,0.46
10,1985,669,806,2.43,0.46
11,1985,0,0,2.43,0.46
12,1985,16029,7486,2.59,0.46
13,1985,7817,6027,2.59,0.46
14,1985,0,0,2.59,0.46
15,1985,0,0,2.59,0.46
16,1985,0,0,2.59,0.46
17,1985,1205,1203,2.59,0.46
18,1985,0,0,2.59,0.46
20,1985,1070,371,2.59,0.46
21,1985,3389,3335,2.59,0.46
22,1985,2210,1515,2.59,0.46
23,1985,1312,1302,2.59,0.46
24,1985,7151,7276,2.59,0.46
25,1985,14799,5475,2.59,0.46
26,1985,40776,8407,2.66,0.35
27,1985,8656,3476,2.66,0.35
28,1985,3045,958,2.66,0.35
29,1985,4114,2532,2.66,0.35
30,1985,37018,9293,1.27,0.29
31,1985,28484,11081,1.27,0.29
32,1985,17964,6077,1.27,0.29
33,1985,2083,1209,1.27,0.29
34,1985,28466,7327,1.5,0.3
35,1985,4737,1293,1.5,0.3
36,1985,282,264,1.5,0.3
37,1985,13453,4181,1.5,0.3
38,1985,314,358,1.5,0.3
39,1985,11972,6745,1.5,0.3
40,1985,19555,4950,1.5,0.3
41,1985,2089,998,2,0.71
42,1985,0,0,2,0.71
43,1985,0,0,2,0.71
44,1985,1011,706,2,0.71
45,1985,14946,8928,1.36,0.77
46,1985,5170,3216,1.36,0.77
47,1985,0,0,1.36,0.77
48,1985,2338,1785,1.36,0.77
49,1985,1261,1039,1.36,0.77
75,1985,0,0,2.59,0.46
76,1985,0,0,2.59,0.46
77,1985,4015.46,2592.33,2.59,0.46
1,1986,268,262,2.43,0.46
2,1986,0,0,2.43,0.46
3,1986,6856,3437,2.43,0.46
4,1986,65688,24163,2.43,0.46
5,1986,1880,1417,2.43,0.46
6,1986,1247,956,2.43,0.46
7,1986,0,0,2.43,0.46
8,1986,0,0,2.43,0.46
9,1986,996,726,2.43,0.46
10,1986,669,396,2.43,0.46
11,1986,1085,1061,2.43,0.46
12,1986,5958,4779,2.59,0.46
13,1986,12792,5285,2.59,0.46
14,1986,3380,2281,2.59,0.46
15,1986,0,0,2.59,0.46
16,1986,0,0,2.59,0.46
17,1986,9037,7965,2.59,0.46
18,1986,4506,3479,2.59,0.46
20,1986,14709,6109,2.59,0.46
21,1986,609,607,2.59,0.46
22,1986,1263,802,2.59,0.46
23,1986,0,0,2.59,0.46
24,1986,2707,2748,2.59,0.46
25,1986,8758,3645,2.59,0.46
26,1986,44057,14612,2.6,0.33
27,1986,5931,1274,2.6,0.33
28,1986,5962,4580,2.6,0.33
29,1986,3222,1015,2.6,0.33
30,1986,37337,12737,1.43,0.43
31,1986,27404,11292,1.43,0.43
32,1986,25682,9604,1.43,0.43
33,1986,1981,1307,1.43,0.43
34,1986,26403,10187,1.83,0.42
35,1986,8422,2699,1.83,0.42
36,1986,1724,1614,1.83,0.42
37,1986,14821,5671,1.83,0.42
38,1986,384,294,1.83,0.42
39,1986,13940,3698,1.83,0.42
40,1986,17494,5952,1.83,0.42
41,1986,2376,1169,2.02,0.72
42,1986,452,486,2.02,0.72
43,1986,0,0,2.02,0.72
44,1986,0,0,2.02,0.72
45,1986,26911,7444,2.88,0.52
46,1986,9413,3065,2.88,0.52
47,1986,0,0,2.88,0.52
48,1986,7191,4084,2.88,0.52
49,1986,4265,1880,2.88,0.52
50,1986,0,0,2.59,0.46
75,1986,6199.05,4870.89,2.59,0.46
76,1986,1693.6,1330.74,2.59,0.46
77,1986,2676.97,2498.8,2.59,0.46
1,1987,2409,1691,2.43,0.46
2,1987,365,376,2.43,0.46
3,1987,16112,11966,2.43,0.46
4,1987,54521,24239,2.43,0.46
5,1987,3384,2065,2.43,0.46
6,1987,997,540,2.43,0.46
7,1987,0,0,2.43,0.46
8,1987,0,0,2.43,0.46
9,1987,9707,6329,2.43,0.46
10,1987,2007,1884,2.43,0.46
11,1987,3254,2613,2.43,0.46
12,1987,6525,4504,2.59,0.46
13,1987,6396,4758,2.59,0.46
14,1987,0,0,2.59,0.46
15,1987,2422,3011,2.59,0.46
16,1987,0,0,2.59,0.46
17,1987,0,0,2.59,0.46
18,1987,0,0,2.59,0.46
20,1987,16314,5097,2.59,0.46
21,1987,1113,1106,2.59,0.46
22,1987,1263,1312,2.59,0.46
23,1987,1574,1522,2.59,0.46
24,1987,3575,2836,2.59,0.46
25,1987,6040,1799,2.59,0.46
26,1987,45529,12418,2.74,0.36
27,1987,1337,180,2.74,0.36
28,1987,3658,2127,2.74,0.36
29,1987,2966,1939,2.74,0.36
30,1987,86917,61710,2.65,1.7
31,1987,33775,23177,2.65,1.7
32,1987,30777,20746,2.65,1.7
33,1987,7352,5224,2.65,1.7
34,1987,17845,6785,1.39,0.48
35,1987,7490,4924,1.39,0.48
36,1987,3139,2954,1.39,0.48
37,1987,7909,3544,1.39,0.48
38,1987,291,329,1.39,0.48
39,1987,11104,4963,1.39,0.48
40,1987,14024,5525,1.39,0.48
41,1987,528,383,2.02,0.72
42,1987,452,459,2.02,0.72
43,1987,0,0,2.02,0.72
44,1987,0,0,2.02,0.72
45,1987,21528,7215,1.29,0.41
46,1987,7165,2898,1.29,0.41
47,1987,0,0,1.29,0.41
48,1987,4949,2017,1.29,0.41
49,1987,719,648,1.29,0.41
50,1987,0,0,2.59,0.46
75,1987,0,0,2.59,0.46
76,1987,0,0,2.59,0.46
77,1987,2676.97,2564.59,2.59,0.46
1,1988,268,262,2.43,0.46
2,1988,0,0,2.43,0.46
3,1988,8570,4532,2.43,0.46
4,1988,30217,17098,2.43,0.46
5,1988,4888,1944,2.43,0.46
6,1988,3242,1407,2.43,0.46
7,1988,0,0,2.43,0.46
8,1988,0,0,2.43,0.46
9,1988,7467,5722,2.43,0.46
10,1988,5352,1987,2.43,0.46
11,1988,1085,682,2.43,0.46
12,1988,16170,11732,2.59,0.46
13,1988,23452,8587,2.59,0.46
14,1988,2253,2266,2.59,0.46
15,1988,9689,2934,2.59,0.46
16,1988,3172,2282,2.59,0.46
17,1988,9640,5951,2.59,0.46
18,1988,9011,5803,2.59,0.46
20,1988,2942,1874,2.59,0.46
21,1988,1725,1229,2.59,0.46
22,1988,9155,5324,2.59,0.46
23,1988,6461,5152,2.59,0.46
24,1988,13908,14296,2.59,0.46
25,1988,18574,4685,2.59,0.46
26,1988,32057,6685,2.62,0.36
27,1988,6390,6586,2.62,0.36
28,1988,5995,1901,2.62,0.36
29,1988,10327,5285,2.62,0.36
30,1988,35965,14557,2.01,0.35
31,1988,42408,12921,2.01,0.35
32,1988,17344,5750,2.01,0.35
33,1988,507,491,2.01,0.35
34,1988,20546,6500,1.96,0.26
35,1988,2247,1471,1.96,0.26
36,1988,1104,1031,1.96,0.26
37,1988,10380,3693,1.96,0.26
38,1988,0,0,1.96,0.26
39,1988,8757,2165,1.96,0.26
40,1988,17223,3263,1.96,0.26
41,1988,792,647,2.02,0.72
42,1988,1357,804,2.02,0.72
43,1988,457,467,2.02,0.72
44,1988,3067,2236,2.02,0.72
45,1988,14372,5402,2.39,0.4
46,1988,4419,1924,2.39,0.4
47,1988,0,0,2.39,0.4
48,1988,4112,2189,2.39,0.4
49,1988,443,489,2.39,0.4
50,1988,0,0,2.59,0.46
75,1988,6199.05,4870.89,2.59,0.46
76,1988,0,0,2.59,0.46
77,1988,1338.48,1449.94,2.59,0.46
1,1989,535,525,2.43,0.46
2,1989,0,0,2.43,0.46
3,1989,18341,9735,2.43,0.46
4,1989,59776,28148,2.43,0.46
5,1989,13724,6998,2.43,0.46
6,1989,1247,589,2.43,0.46
7,1989,925,637,2.43,0.46
8,1989,0,0,2.43,0.46
9,1989,8961,3467,2.43,0.46
10,1989,4014,3768,2.43,0.46
11,1989,8949,4184,2.43,0.46
12,1989,15177,7885,2.59,0.46
13,1989,42285,15737,2.59,0.46
14,1989,3380,2520,2.59,0.46
15,1989,0,0,2.59,0.46
16,1989,0,0,2.59,0.46
17,1989,24702,20520,2.59,0.46
18,1989,0,0,2.59,0.46
20,1989,9360,4630,2.59,0.46
21,1989,3895,2896,2.59,0.46
22,1989,8208,4806,2.59,0.46
23,1989,0,0,2.59,0.46
24,1989,2454,2523,2.59,0.46
25,1989,19933,7193,2.59,0.46
26,1989,28390,5935,2.66,0.4
27,1989,3470,1159,2.66,0.4
28,1989,3560,2257,2.66,0.4
29,1989,1237,814,2.66,0.4
30,1989,38425,12191,1.85,0.37
31,1989,21688,6882,1.85,0.37
32,1989,7369,1919,1.85,0.37
33,1989,1867,1078,1.85,0.37
34,1989,4504,795,1.67,0.18
35,1989,7662,3629,1.67,0.18
36,1989,627,226,1.67,0.18
37,1989,8428,2761,1.67,0.18
38,1989,0,0,1.67,0.18
39,1989,11423,4349,1.67,0.18
40,1989,13002,4240,1.67,0.18
41,1989,2402,1132,2.04,0.72
42,1989,2743,1954,2.04,0.72
43,1989,1386,1379,2.04,0.72
44,1989,517,501,2.04,0.72
45,1989,27108,8157,2.36,0.38
46,1989,10699,2970,2.36,0.38
47,1989,0,0,2.36,0.38
48,1989,4788,4014,2.36,0.38
49,1989,0,0,2.36,0.38
50,1989,0,0,2.59,0.46
75,1989,16850.97,8042.54,4.02,0.82
76,1989,12061.01,6914.27,4.02,0.82
77,1989,1365.8,1317.06,2.59,0.46
1,1990,268,262,2.43,0.46
2,1990,0,0,2.43,0.46
3,1990,22797,12091,2.43,0.46
4,1990,82439,34534,2.43,0.46
5,1990,11656,4715,2.43,0.46
6,1990,2743,1837,2.43,0.46
7,1990,1557,1452,2.43,0.46
8,1990,0,0,2.43,0.46
9,1990,2489,1224,2.43,0.46
10,1990,669,806,2.43,0.46
11,1990,23049,20128,2.43,0.46
12,1990,45391,18387,2.59,0.46
13,1990,19188,16560,2.59,0.46
14,1990,1127,1118,2.59,0.46
15,1990,0,0,2.59,0.46
16,1990,0,0,2.59,0.46
17,1990,3976,3879,2.59,0.46
18,1990,0,0,2.59,0.46
20,1990,2942,691,2.59,0.46
21,1990,3895,2128,2.59,0.46
22,1990,13259,8977,2.59,0.46
23,1990,3524,1703,2.59,0.46
24,1990,2633,2798,2.59,0.46
25,1990,16913,4976,2.59,0.46
26,1990,61700,20037,2.72,0.42
27,1990,11729,7432,2.72,0.42
28,1990,2595,653,2.72,0.42
29,1990,2104,880,2.72,0.42
30,1990,18882,7132,1.29,0.27
31,1990,23721,9413,1.29,0.27
32,1990,5800,1895,1.29,0.27
33,1990,324,314,1.29,0.27
34,1990,27782,8351,1.85,0.3
35,1990,3190,1854,1.85,0.3
36,1990,4701,3395,1.85,0.3
37,1990,18949,5941,1.85,0.3
38,1990,0,0,1.85,0.3
39,1990,6791,2009,1.85,0.3
40,1990,21156,4860,1.85,0.3
41,1990,5411,2120,2.02,0.7
42,1990,5425,4491,2.02,0.7
43,1990,457,467,2.02,0.7
44,1990,2044,1669,2.02,0.7
45,1990,5655,2619,2.36,0.38
46,1990,3974,2164,2.36,0.38
47,1990,0,0,2.36,0.38
48,1990,4779,2448,2.36,0.38
49,1990,1308,790,2.36,0.38
50,1990,0,0,2.59,0.46
51,1990,0,0,2.58,0.46
52,1990,0,0,2.58,0.46
53,1990,0,0,2.58,0.46
54,1990,3343.07,3483.26,2.58,0.46
55,1990,0,0,2.58,0.46
56,1990,0,0,2.58,0.46
75,1990,32765.77,17124.34,4.02,0.82
76,1990,4828.19,4579.94,4.02,0.82
77,1990,2731.61,2634.12,2.59,0.46
1,1991,0,0,2.43,0.46
2,1991,0,0,2.43,0.46
3,1991,10970,5415,2.43,0.46
4,1991,85395,37633,2.43,0.46
5,1991,1128,738,2.43,0.46
6,1991,3616,1855,2.43,0.46
7,1991,925,796,2.43,0.46
8,1991,0,0,2.43,0.46
9,1991,1991,1223,2.43,0.46
10,1991,0,0,2.43,0.46
11,1991,6508,4008,2.43,0.46
12,1991,15319,8962,2.59,0.46
13,1991,33046,14934,2.59,0.46
14,1991,3380,3161,2.59,0.46
15,1991,0,0,2.59,0.46
16,1991,0,0,2.59,0.46
17,1991,28317,18905,2.59,0.46
18,1991,0,0,2.59,0.46
20,1991,5616,2444,2.59,0.46
21,1991,1805,1781,2.59,0.46
22,1991,10102,7154,2.59,0.46
23,1991,1543,1536,2.59,0.46
24,1991,2609,2696,2.59,0.46
25,1991,22047,8316,2.59,0.46
26,1991,49612.8,24730.06,4.08,0.2
27,1991,5979.24,3160.44,4.08,0.2
28,1991,1558.25,1558.25,4.08,0.2
29,1991,1263.12,1284.79,4.08,0.2
30,1991,68057,33831,2.68,0.78
31,1991,27893,11607,2.68,0.78
32,1991,9255,3618,2.68,0.78
33,1991,4058,2111,2.68,0.78
34,1991,18777,8240,1.46,0.41
35,1991,2507,1091,1.46,0.41
36,1991,1095,478,1.46,0.41
37,1991,15811,7254,1.46,0.41
38,1991,1219,943,1.46,0.41
39,1991,9418,4436,1.46,0.41
40,1991,15746,4494,1.46,0.41
41,1991,569,364,2.04,0.71
42,1991,457,458,2.04,0.71
43,1991,0,0,2.04,0.71
44,1991,1033,717,2.04,0.71
45,1991,7098,3677,1.97,0.46
46,1991,1455,837,1.97,0.46
47,1991,0,0,1.97,0.46
48,1991,2769,1891,1.97,0.46
49,1991,1460,563,1.97,0.46
50,1991,0,0,2.59,0.46
51,1991,0,0,2.58,0.46
52,1991,0,0,2.58,0.46
53,1991,0,0,2.58,0.46
54,1991,4433.97,4637.42,2.58,0.46
55,1991,0,0,2.58,0.46
56,1991,0,0,2.58,0.46
75,1991,4680.82,3250.08,4.02,0.82
76,1991,965.63,915.98,4.02,0.82
77,1991,4097.41,3304.86,2.59,0.46
1,1992,0,0,2.43,0.46
2,1992,0,0,2.43,0.46
3,1992,15066,7977.74,2.43,0.46
4,1992,30836.7,11592.44,2.43,0.46
5,1992,1877.72,1170.16,2.43,0.46
6,1992,1494.45,639.02,2.43,0.46
7,1992,0,0,2.43,0.46
8,1992,0,0,2.43,0.46
9,1992,4474.93,2266.54,2.43,0.46
10,1992,5011.87,6040.43,2.43,0.46
11,1992,3791.81,2817.27,2.43,0.46
12,1992,31038.99,6370.57,2.59,0.46
13,1992,24853.2,10370.4,2.59,0.46
14,1992,0,0,2.59,0.46
15,1992,5051.07,1404.45,2.59,0.46
16,1992,0,0,2.59,0.46
17,1992,3612.02,3606.6,2.59,0.46
18,1992,0,0,2.59,0.46
20,1992,7883.05,3895.02,2.59,0.46
21,1992,0,0,2.59,0.46
22,1992,1261.74,1190.74,2.59,0.46
23,1992,1572.87,1520.52,2.59,0.46
24,1992,91863.05,91184.66,2.59,0.46
25,1992,19011.39,4191.56,2.59,0.46
26,1992,24567.25,11200.05,4.18,0.81
27,1992,3403.21,1906.99,4.18,0.81
28,1992,4789.35,4789.35,4.18,0.81
29,1992,0,0,4.18,0.81
30,1992,33498.82,12344.18,2.4,0.65
31,1992,26708.93,12696.35,2.4,0.65
32,1992,14169.36,4670.53,2.4,0.65
33,1992,0,0,2.4,0.65
34,1992,12703.44,3223.47,1.16,0.19
35,1992,8659.27,3958.65,1.16,0.19
36,1992,1963.07,1834.52,1.16,0.19
37,1992,26962.13,7971.05,1.16,0.19
38,1992,1700.68,1288.75,1.16,0.19
39,1992,11072.07,3125.97,1.16,0.19
40,1992,19254.14,4512.25,1.16,0.19
41,1992,4390.85,2934.74,1.77,0.79
42,1992,1187.42,964.04,1.77,0.79
43,1992,1600.36,999.82,1.77,0.79
44,1992,447.4,435.26,1.77,0.79
45,1992,14585.86,7397.97,2.1,0.49
46,1992,1107.4,518.16,2.1,0.49
47,1992,0,0,2.1,0.49
48,1992,983.48,510.43,2.1,0.49
49,1992,0,0,2.1,0.49
50,1992,0,0,2.59,0.46
51,1992,0,0,2.58,0.46
52,1992,0,0,2.58,0.46
53,1992,0,0,2.58,0.46
54,1992,1477.99,1545.8,2.58,0.46
55,1992,0,0,2.58,0.46
56,1992,0,0,2.58,0.46
57,1992,0,0,2.58,0.46
75,1992,10707.67,2984.36,4.18,0.86
76,1992,3012.21,1275.08,4.18,0.81
77,1992,5353.95,3955.81,2.59,0.46
1,1993,267.3,262.09,2.43,0.46
2,1993,0,0,2.43,0.46
3,1993,8560.22,4257.49,2.43,0.46
4,1993,62985.6,31450.12,2.43,0.46
5,1993,751.09,454.3,2.43,0.46
6,1993,0,0,2.43,0.46
7,1993,291.6,308,2.43,0.46
8,1993,0,0,2.43,0.46
9,1993,2486.07,1850.94,2.43,0.46
10,1993,0,0,2.43,0.46
11,1993,2166.75,1093.2,2.43,0.46
12,1993,4960.56,2746.19,2.59,0.46
13,1993,48641.27,22532.98,2.59,0.46
14,1993,9006.17,5145.37,2.59,0.46
15,1993,0,0,2.59,0.46
16,1993,0,0,2.59,0.46
17,1993,4816.03,3268.15,2.59,0.46
18,1993,0,0,2.59,0.46
20,1993,3741.11,2554.82,2.59,0.46
21,1993,2281.33,2234.56,2.59,0.46
22,1993,7255.01,5411.44,2.59,0.46
23,1993,1828.92,1810.15,2.59,0.46
24,1993,4727.87,4993.35,2.59,0.46
25,1993,36516.23,15114.54,2.59,0.46
26,1993,33078.24,11593.75,3.51,0.59
27,1993,4572.36,1706.44,3.51,0.59
28,1993,6032.52,5090.51,3.51,0.59
29,1993,2173.32,1533.66,3.51,0.59
30,1993,40969.3,23148.07,2.15,0.3
31,1993,23297.1,11966.45,2.15,0.3
32,1993,10981.91,3207.89,2.15,0.3
33,1993,2710.19,2029.43,2.15,0.3
34,1993,9136.04,3658.69,1.45,0.33
35,1993,5932.43,2689.64,1.45,0.33
36,1993,817.94,404.39,1.45,0.33
37,1993,10440.5,3421.76,1.45,0.33
38,1993,0,0,1.45,0.33
39,1993,8757.57,2545.64,1.45,0.33
40,1993,12959.52,4836.24,1.45,0.33
41,1993,9340.51,6138.51,1.96,0.67
42,1993,0,0,1.96,0.67
43,1993,2215.19,2203.26,1.96,0.67
44,1993,0,0,1.96,0.67
45,1993,9988.01,5601.47,2.24,0.4
46,1993,6851.11,2875.46,2.24,0.4
47,1993,778.62,754.11,2.24,0.4
48,1993,5944.59,2410.28,2.24,0.4
49,1993,2073.63,1083.84,2.24,0.4
50,1993,0,0,2.58,0.46
51,1993,0,0,2.58,0.46
52,1993,0,0,2.58,0.46
53,1993,0,0,2.58,0.46
54,1993,2955.98,3091.61,2.58,0.46
55,1993,0,0,2.58,0.46
56,1993,0,0,2.58,0.46
57,1993,0,0,2.58,0.46
75,1993,10425.89,4258.35,4.4,0.62
76,1993,48618.22,41008.93,4.4,0.62
77,1993,2676.97,1526.35,2.59,0.46
1,1994,0,0,2.43,0.46
2,1994,0,0,2.43,0.46
3,1994,7190.59,4431.08,2.43,0.46
4,1994,45270.9,23620.12,2.43,0.46
5,1994,8637.54,5232.09,2.43,0.46
6,1994,3736.12,1918.86,2.43,0.46
7,1994,97.2,102.66,2.43,0.46
8,1994,0,0,2.43,0.46
9,1994,3480.5,1463.45,2.43,0.46
10,1994,0,0,2.43,0.46
11,1994,0,0,2.43,0.46
12,1994,12755.75,10508.47,2.59,0.46
13,1994,12071.55,9403.49,2.59,0.46
14,1994,0,0,2.59,0.46
15,1994,0,0,2.59,0.46
16,1994,0,0,2.59,0.46
17,1994,4816.03,2942.79,2.59,0.46
18,1994,0,0,2.59,0.46
20,1994,8818.33,4099.19,2.59,0.46
21,1994,0,0,2.59,0.46
22,1994,9463.06,4379.1,2.59,0.46
23,1994,0,0,2.59,0.46
24,1994,0,0,2.59,0.46
25,1994,72005.91,48705.93,2.59,0.46
26,1994,47359.76,17197.61,4.75,1.34
27,1994,8508.04,3469.52,4.75,1.34
28,1994,5160.93,1784.06,4.75,1.34
29,1994,2941.11,1905,4.75,1.34
30,1994,31266.78,8336.87,2.77,0.55
31,1994,23525.53,11132.23,2.77,0.55
32,1994,35463.86,12086.7,2.77,0.55
33,1994,7681.82,2213.84,2.77,0.55
34,1994,11584.32,3663.41,1.43,0.28
35,1994,8211.37,3079.73,1.43,0.28
36,1994,1344.44,806.61,1.43,0.28
37,1994,10115.85,3426.77,1.43,0.28
38,1994,599.01,280.09,1.43,0.28
39,1994,9253.68,2363.76,1.43,0.28
40,1994,6918.91,2072.29,1.43,0.28
41,1994,6737.07,2981.41,2.58,0.81
42,1994,5769.43,4242.56,2.58,0.81
43,1994,2915.91,2332.76,2.58,0.81
44,1994,0,0,2.58,0.81
45,1994,35157,12092.56,3.28,0.97
46,1994,17988.39,6151.33,3.28,0.97
47,1994,0,0,3.28,0.97
48,1994,12800.85,7393.44,3.28,0.97
49,1994,1821.83,1620.89,3.28,0.97
50,1994,0,0,2.58,0.46
51,1994,0,0,2.58,0.46
52,1994,0,0,2.58,0.46
53,1994,0,0,2.58,0.46
54,1994,4613.44,3955.88,2.58,0.46
55,1994,0,0,2.58,0.46
56,1994,0,0,2.58,0.46
75,1994,38566.12,29034.41,5.87,1.16
76,1994,4230.07,2777.23,5.87,1.16
77,1994,1338.48,1361.06,2.59,0.46
1,1995,0,0,2.43,0.46
2,1995,0,0,2.43,0.46
3,1995,17805.27,12342.75,2.43,0.46
4,1995,89885.7,52299.52,2.43,0.46
5,1995,1502.18,712.93,2.43,0.46
6,1995,0,0,2.43,0.46
7,1995,0,0,2.43,0.46
8,1995,522.97,526.68,2.43,0.46
9,1995,1988.86,1442.33,2.43,0.46
10,1995,0,0,2.43,0.46
11,1995,0,0,2.43,0.46
12,1995,13889.59,5655.07,2.59,0.46
13,1995,40120.17,38310.42,2.59,0.46
14,1995,1720.52,1682.06,2.59,0.46
15,1995,4840.61,6016.31,2.59,0.46
16,1995,3169.44,3372.88,2.59,0.46
17,1995,23478.19,21872.77,2.59,0.46
18,1995,24760.97,19123.37,2.59,0.46
20,1995,11490.55,3293.62,2.59,0.46
21,1995,1668.07,1196.33,2.59,0.46
22,1995,8201.32,4909.47,2.59,0.46
23,1995,2347.57,2300.31,2.59,0.46
24,1995,837.74,851.35,2.59,0.46
25,1995,19504.65,8804.83,2.59,0.46
26,1995,44527.01,15343.5,2.92,0.81
27,1995,9528.76,3951.42,2.92,0.81
28,1995,4624.08,1446,2.92,0.81
29,1995,1811.67,1290.83,2.92,0.81
30,1995,65528.4,16174.7,2.42,0.41
31,1995,76929.98,32387.94,2.42,0.41
32,1995,46735.42,11055.46,2.42,0.41
33,1995,7019.3,6090.38,2.42,0.41
34,1995,69823.44,23027.74,2.3,0.53
35,1995,16248.06,4121.22,2.3,0.53
36,1995,868.66,813.34,2.3,0.53
37,1995,30053.92,17392.4,2.3,0.53
38,1995,1935.14,928.76,2.3,0.53
39,1995,18933.31,5470.52,2.3,0.53
40,1995,40047.41,16564.96,2.3,0.53
42,1995,1801.89,1260.9,2.98,0.98
43,1995,2698.35,1832.85,2.98,0.98
44,1995,1508.71,1463.14,2.98,0.98
45,1995,33404.74,11337.79,1.52,0.5
46,1995,5938.23,2307.83,1.52,0.5
47,1995,0,0,1.52,0.5
48,1995,5820.11,3884.41,1.52,0.5
49,1995,281.74,314.89,1.52,0.5
50,1995,0,0,2.58,0.46
51,1995,0,0,2.58,0.46
52,1995,0,0,2.58,0.46
53,1995,0,0,2.58,0.46
54,1995,2087.16,2179.06,2.58,0.46
55,1995,0,0,2.58,0.46
56,1995,0,0,2.58,0.46
62,1995,0,0,2.58,0.46
75,1995,3274.24,3187.13,3.8,1.03
76,1995,7302.34,5185.66,3.8,1.03
77,1995,0,0,2.59,0.46
1,1996,0,0,2.43,0.46
2,1996,0,0,2.43,0.46
3,1996,105804.4,95195.41,2.43,0.46
4,1996,34117.2,14569.81,2.43,0.46
5,1996,3567.68,3019.7,2.43,0.46
6,1996,1494.45,753.56,2.43,0.46
7,1996,291.6,308,2.43,0.46
8,1996,0,0,2.43,0.46
9,1996,5717.97,2639.67,2.43,0.46
10,1996,0,0,2.43,0.46
11,1996,0,0,2.43,0.46
12,1996,6519.6,3327,2.59,0.46
13,1996,9231.19,6598.82,2.59,0.46
14,1996,2251.54,2105.74,2.59,0.46
15,1996,0,0,2.59,0.46
16,1996,0,0,2.59,0.46
17,1996,9632.07,6210.91,2.59,0.46
18,1996,0,0,2.59,0.46
20,1996,16434.16,5739.92,2.59,0.46
21,1996,0,0,2.59,0.46
22,1996,5677.84,3144.16,2.59,0.46
23,1996,2347.57,1513.02,2.59,0.46
24,1996,9215.2,5959.9,2.59,0.46
25,1996,32556.64,19480.72,2.59,0.46
26,1996,30386.21,12311.84,2.26,0.67
27,1996,15469.16,4679.33,2.26,0.67
28,1996,11841.11,4334.36,2.26,0.67
29,1996,9278.5,5461.92,2.26,0.67
30,1996,68133.39,27685.39,2.39,0.3
31,1996,63933.24,21356.28,2.39,0.3
32,1996,85775.14,16800.97,2.39,0.3
33,1996,10886.49,2714.49,2.39,0.3
34,1996,36113.75,8613.03,1.15,0.22
35,1996,18109.86,4408.94,1.15,0.22
36,1996,12745.58,8515.29,2.76,0.94
37,1996,27959.23,15260.53,2.76,0.94
38,1996,0,0,2.76,0.94
39,1996,17600.1,5326.5,1.15,0.22
40,1996,24727.36,8840.61,2.76,0.94
41,1996,3299.23,2240.55,2.8,1.1
42,1996,1255.72,1347.4,2.8,1.1
43,1996,1903.95,1894.15,2.8,1.1
44,1996,2322.64,2372.24,2.8,1.1
45,1996,48001.49,13482.35,2.84,0.64
46,1996,8691.07,3379.8,2.84,0.64
47,1996,0,0,2.84,0.64
48,1996,6210.31,4459.76,2.84,0.64
49,1996,526.1,578.79,2.84,0.64
50,1996,0,0,2.58,0.46
51,1996,0,0,2.58,0.46
52,1996,0,0,2.58,0.46
53,1996,0,0,2.58,0.46
54,1996,0,0,2.58,0.46
55,1996,0,0,2.58,0.46
56,1996,0,0,2.58,0.46
62,1996,0,0,2.58,0.46
63,1996,0,0,2.58,0.46
64,1996,0,0,2.58,0.46
65,1996,0,0,2.58,0.46
66,1996,0,0,2.58,0.46
67,1996,0,0,2.58,0.46
68,1996,0,0,2.58,0.46
75,1996,42446.13,10792.63,5.39,0.84
76,1996,47980.8,39462.59,5.39,0.84
77,1996,8030.93,3287.45,2.59,0.46
1,1997,0,0,2.43,0.46
2,1997,0,0,2.43,0.46
3,1997,9245.04,4573.15,2.43,0.46
4,1997,28212.3,17717.92,2.43,0.46
5,1997,0,0,2.43,0.46
6,1997,249.07,237.46,2.43,0.46
7,1997,1069.2,1129.36,2.43,0.46
8,1997,0,0,2.43,0.46
9,1997,4226.33,3497.75,2.43,0.46
10,1997,0,0,2.43,0.46
11,1997,0,0,2.43,0.46
12,1997,1984.22,1455.82,2.59,0.46
13,1997,5680.73,4811.99,2.59,0.46
14,1997,0,0,2.59,0.46
15,1997,0,0,2.59,0.46
16,1997,0,0,2.59,0.46
17,1997,28294.23,19211.02,2.59,0.46
18,1997,4501.99,3476.97,2.59,0.46
20,1997,20175.27,6059.73,2.59,0.46
21,1997,3525.69,1836.32,2.59,0.46
22,1997,16087.21,4911.57,2.59,0.46
23,1997,2759.43,2656.65,2.59,0.46
24,1997,837.74,818.71,2.59,0.46
25,1997,27130.53,7968.04,2.59,0.46
26,1997,52326.34,13823.33,1.41,0.29
27,1997,9897.65,3005.85,1.41,0.29
28,1997,2792.49,1173.07,1.41,0.29
29,1997,3501.04,854.4,1.41,0.29
30,1997,60291.44,15062.99,2.61,0.51
31,1997,65465.04,26068.98,2.61,0.51
32,1997,68679.29,15741.34,2.61,0.51
33,1997,3954.8,2204.18,2.61,0.51
34,1997,50787.6,13056.89,2.54,0.58
35,1997,30877.49,8009.83,2.54,0.58
36,1997,1435.89,1344.5,2.54,0.58
37,1997,17685.05,8846.6,2.54,0.58
38,1997,2132.52,1148.23,2.54,0.58
39,1997,20040.83,5065.08,2.54,0.58
40,1997,22237.09,8664.46,2.54,0.58
41,1997,4196.68,1809.66,2.67,1.03
42,1997,5390.87,3202.53,2.67,1.03
43,1997,4238.24,4330.74,2.67,1.03
44,1997,2031.17,1972.66,2.67,1.03
45,1997,52383.87,17755.85,2.39,0.46
46,1997,10864.58,3141.77,2.39,0.46
47,1997,1665.47,1281.13,2.39,0.46
48,1997,4487.82,2465.99,2.39,0.46
49,1997,2661.31,2035.4,2.39,0.46
50,1997,0,0,2.58,0.46
51,1997,0,0,2.58,0.46
52,1997,0,0,2.58,0.46
53,1997,0,0,2.58,0.46
54,1997,0,0,2.58,0.46
55,1997,0,0,2.58,0.46
56,1997,0,0,2.58,0.46
62,1997,0,0,2.58,0.46
63,1997,0,0,2.58,0.46
64,1997,0,0,2.58,0.46
65,1997,0,0,2.58,0.46
66,1997,0,0,2.58,0.46
67,1997,0,0,2.58,0.46
68,1997,0,0,2.58,0.46
75,1997,19479.31,13280.89,2.15,0.54
76,1997,7240.57,3641.08,2.15,0.54
77,1997,8030.93,6010.41,2.59,0.46
1,1998,0,0,2.43,0.46
2,1998,0,0,2.43,0.46
3,1998,12669.13,7610.09,2.43,0.46
4,1998,69874.65,34483.46,2.43,0.46
5,1998,751.09,723.65,2.43,0.46
6,1998,249.07,237.46,2.43,0.46
7,1998,972,917.35,2.43,0.46
8,1998,0,0,2.43,0.46
9,1998,3977.72,1897.94,2.43,0.46
10,1998,0,0,2.43,0.46
11,1998,2166.75,868.91,2.43,0.46
12,1998,14598.24,12123.64,2.59,0.46
13,1998,6035.77,2545.59,2.59,0.46
14,1998,1125.77,1132.12,2.59,0.46
15,1998,0,0,2.59,0.46
16,1998,3169.44,3883.61,2.59,0.46
17,1998,13244.1,6164.29,2.59,0.46
18,1998,0,0,2.59,0.46
20,1998,14162.77,5463.46,2.59,0.46
21,1998,15023.91,14746.19,2.59,0.46
22,1998,0,0,2.59,0.46
23,1998,0,0,2.59,0.46
24,1998,837.74,875.03,2.59,0.46
25,1998,22437.68,11239.38,2.59,0.46
26,1998,60077.23,19009.89,1.44,0.3
27,1998,2832.06,982.75,1.44,0.3
28,1998,4294.79,3223.41,1.44,0.3
29,1998,1346.13,876.23,1.44,0.3
30,1998,19144.49,8278.66,2.5,0.4
31,1998,64158.27,22189.25,2.5,0.4
32,1998,58462.12,13260.57,2.5,0.4
33,1998,1893.63,1225.16,2.5,0.4
34,1998,72657.31,20514.29,2.8,0.6
35,1998,30632.54,9096.52,2.8,0.6
36,1998,10294.87,9635.05,2.8,0.6
37,1998,10971.21,3911.96,2.8,0.6
38,1998,0,0,2.8,0.6
39,1998,21802.66,7142.61,2.8,0.6
40,1998,23395.93,5662.68,2.8,0.6
41,1998,6070.4,2191.5,2.16,0.06
42,1998,0,0,2.16,0.06
43,1998,1955.71,2005.81,2.16,0.06
44,1998,546.74,528.16,2.16,0.06
45,1998,40814.12,12290.9,2.41,0.43
46,1998,6625.28,3431.23,2.41,0.43
47,1998,0,0,2.41,0.43
48,1998,2640.21,1326.61,2.41,0.43
49,1998,1341.99,1198.59,2.41,0.43
50,1998,0,0,2.59,0.46
51,1998,0,0,2.59,0.46
52,1998,0,0,2.59,0.46
53,1998,0,0,2.59,0.46
54,1998,0,0,2.59,0.46
55,1998,0,0,2.59,0.46
56,1998,0,0,2.59,0.46
62,1998,0,0,2.59,0.46
63,1998,0,0,2.59,0.46
64,1998,0,0,2.59,0.46
65,1998,0,0,2.59,0.46
66,1998,0,0,2.59,0.46
67,1998,0,0,2.59,0.46
68,1998,0,0,2.59,0.46
69,1998,0,0,2.59,0.46
75,1998,34007.72,11084.01,1.45,0.33
76,1998,27262.32,11329.96,1.45,0.33
77,1998,1338.48,1361.06,2.59,0.46
1,1999,267.3,262.09,2.43,0.46
2,1999,0,0,2.43,0.46
3,1999,8731.43,5052.21,2.43,0.46
4,1999,48223.35,28639.18,2.43,0.46
5,1999,3004.36,1902.51,2.43,0.46
6,1999,0,0,2.43,0.46
7,1999,0,0,2.43,0.46
8,1999,0,0,2.43,0.46
9,1999,3977.72,4139.94,2.43,0.46
10,1999,668.25,805.39,2.43,0.46
11,1999,3250.12,3180.46,2.43,0.46
12,1999,20834.39,8973.65,2.59,0.46
13,1999,41185.31,20151.33,2.59,0.46
14,1999,4503.08,2907.64,2.59,0.46
15,1999,41145.21,51138.66,2.59,0.46
16,1999,0,0,2.59,0.46
17,1999,8557.73,4279.2,2.59,0.46
18,1999,4501.99,3476.97,2.59,0.46
20,1999,12826.66,3332,2.59,0.46
21,1999,1378.93,1406.18,2.59,0.46
22,1999,15339.18,11053.03,2.59,0.46
23,1999,0,0,2.59,0.46
24,1999,1150.63,1242.38,2.59,0.46
25,1999,27610.94,14997.58,2.59,0.46
26,1999,42343.42,8647.24,1.72,0.2
27,1999,5057.3,1859.64,1.72,0.2
28,1999,5794.61,2878.92,1.72,0.2
29,1999,2938.01,1220,1.72,0.2
30,1999,29877.55,6147.87,3.03,0.61
31,1999,56071.46,24392.36,3.03,0.61
32,1999,69753.29,16969.73,3.03,0.61
33,1999,6895.63,3416.98,3.03,0.61
34,1999,53764.37,12470.27,1.43,0.17
35,1999,37014.14,9533.35,1.43,0.17
36,1999,1890.68,1350.48,1.43,0.17
37,1999,34028.29,10994.56,1.43,0.17
38,1999,0,0,1.43,0.17
39,1999,19055.3,5915.09,1.43,0.17
40,1999,15540.98,2973.43,1.43,0.17
41,1999,3788.18,2395.88,2.13,0.06
42,1999,1155.57,635.56,2.13,0.06
43,1999,1932.36,1392.74,2.13,0.06
44,1999,0,0,2.13,0.06
45,1999,33790.06,13146.58,2.55,0.51
46,1999,5667.28,2031.24,2.55,0.51
47,1999,889.44,961.65,2.55,0.51
48,1999,1997.26,1614.15,2.55,0.51
49,1999,947.51,1043.56,2.55,0.51
50,1999,0,0,2.59,0.46
51,1999,0,0,2.59,0.46
52,1999,0,0,2.59,0.46
53,1999,0,0,2.59,0.46
54,1999,0,0,2.59,0.46
55,1999,0,0,2.59,0.46
56,1999,0,0,2.59,0.46
62,1999,0,0,2.59,0.46
63,1999,0,0,2.59,0.46
64,1999,0,0,2.59,0.46
65,1999,0,0,2.59,0.46
66,1999,0,0,2.59,0.46
67,1999,0,0,2.59,0.46
68,1999,0,0,2.59,0.46
69,1999,0,0,2.59,0.46
75,1999,29157.15,15001.67,2.02,0.29
76,1999,5349.46,4005.72,2.02,0.29
77,1999,4182.77,4035.66,2.59,0.46
1,2000,0,0,2.43,0.46
2,2000,0,0,2.43,0.46
3,2000,20886.95,12326.92,2.43,0.46
4,2000,129907.8,66489.88,2.43,0.46
5,2000,1126.63,1085.48,2.43,0.46
6,2000,3985.2,1873.33,2.43,0.46
7,2000,0,0,2.43,0.46
8,2000,0,0,2.43,0.46
9,2000,3977.72,2660.96,2.43,0.46
10,2000,3341.25,4026.95,2.43,0.46
11,2000,7854.46,7138.8,2.43,0.46
12,2000,15590.36,12399.89,2.59,0.46
13,2000,43670.63,14254.7,2.59,0.46
14,2000,4503.08,2122.72,2.59,0.46
15,2000,2525.53,3058.75,2.59,0.46
16,2000,3169.44,2280.24,2.59,0.46
17,2000,12040.09,6894.29,2.59,0.46
18,2000,0,0,2.59,0.46
20,2000,6947.77,2069.14,2.59,0.46
21,2000,0,0,2.59,0.46
22,2000,1945.18,2010.37,2.59,0.46
23,2000,0,0,2.59,0.46
24,2000,3555.96,3666.6,2.59,0.46
25,2000,31090.12,11025.95,2.59,0.46
26,2000,51920.33,14271.54,1.43,0.17
27,2000,13470.23,4886.29,1.43,0.17
28,2000,5115.74,3244.44,1.43,0.17
29,2000,2672.4,1355.46,1.43,0.17
30,2000,45315.57,8794.14,2.1,0.32
31,2000,29652.18,9587.79,2.1,0.32
32,2000,50793.65,12421.86,2.1,0.32
33,2000,5849.76,2501.39,2.1,0.32
34,2000,70741.01,21052.62,2.23,0.37
35,2000,29836.71,6085.85,2.23,0.37
36,2000,5042.73,4713.14,2.23,0.37
37,2000,17192.68,8816.21,2.23,0.37
38,2000,0,0,2.23,0.37
39,2000,18921.05,5101.88,2.23,0.37
40,2000,22527.27,9162.25,2.23,0.37
41,2000,2529.65,1875.33,2.15,0.05
42,2000,962.81,1045.5,2.15,0.05
43,2000,3406.28,2923.95,2.15,0.05
44,2000,0,0,2.15,0.05
45,2000,11934.16,5136.73,2.89,0.49
46,2000,5504.4,1939.62,2.89,0.49
47,2000,0,0,2.89,0.49
48,2000,4526.34,2816.85,2.89,0.49
49,2000,2147.32,1763.56,2.89,0.49
50,2000,0,0,2.59,0.46
51,2000,0,0,2.59,0.46
52,2000,0,0,2.59,0.46
53,2000,0,0,2.59,0.46
54,2000,0,0,2.59,0.46
55,2000,0,0,2.59,0.46
56,2000,0,0,2.59,0.46
62,2000,0,0,2.59,0.46
63,2000,0,0,2.59,0.46
64,2000,0,0,2.59,0.46
65,2000,0,0,2.59,0.46
66,2000,0,0,2.59,0.46
67,2000,0,0,2.59,0.46
68,2000,0,0,2.59,0.46
69,2000,0,0,2.59,0.46
75,2000,8190.98,4741.02,1.65,0.23
76,2000,2382.75,2257.43,1.65,0.23
77,2000,0,0,2.59,0.46
1,2001,1069.2,1048.37,2.43,0.46
2,2001,0,0,2.43,0.46
3,2001,32015.25,17545.34,2.43,0.46
4,2001,36741.6,14026.38,2.43,0.46
5,2001,1126.63,1085.48,2.43,0.46
6,2001,498.15,325.46,2.43,0.46
7,2001,0,0,2.43,0.46
8,2001,0,0,2.43,0.46
9,2001,3480.5,1560.47,2.43,0.46
10,2001,0,0,2.43,0.46
11,2001,1625.06,1240.42,2.43,0.46
12,2001,12472.28,5130.85,2.59,0.46
13,2001,7811,1927.45,2.59,0.46
14,2001,0,0,2.59,0.46
15,2001,0,0,2.59,0.46
16,2001,0,0,2.59,0.46
17,2001,9632.07,7037.77,2.59,0.46
18,2001,2250.99,1738.48,2.59,0.46
20,2001,18171.11,5848.41,2.59,0.46
21,2001,2553.59,2511.24,2.59,0.46
22,2001,7551.89,3121.43,2.59,0.46
23,2001,0,0,2.59,0.46
24,2001,3350.98,3500.13,2.59,0.46
25,2001,18108.92,8287.04,1.87,0.26
26,2001,24489.05,14754.95,1.36,0.16
27,2001,1778.07,1029.55,1.36,0.16
28,2001,3505.36,1154.97,1.36,0.16
29,2001,2112.88,864.04,1.36,0.16
30,2001,25625.36,14145.04,2.63,0.23
31,2001,41736.41,24105.81,2.63,0.23
32,2001,32387.72,7565.48,2.63,0.23
33,2001,1330.7,777.25,2.63,0.23
34,2001,92590.04,21991.52,1.87,0.26
35,2001,38528.44,7298.35,1.87,0.26
36,2001,4220.14,3941.78,1.87,0.26
37,2001,13931.39,3214.25,1.87,0.26
38,2001,391.72,296.07,1.87,0.26
39,2001,12002.01,2657.43,1.87,0.26
40,2001,25765.15,7858.06,1.87,0.26
41,2001,1213.93,536.26,1.85,0.27
42,2001,3326.66,1787.35,1.85,0.27
43,2001,840.65,516.26,1.85,0.27
44,2001,470.03,466.63,1.85,0.27
45,2001,62074.4,16145.01,2.83,0.52
46,2001,3592.86,1002.68,2.83,0.52
47,2001,0,0,2.83,0.52
48,2001,3545.35,1355.48,2.83,0.52
49,2001,1051.2,690.58,2.83,0.52
50,2001,0,0,2.59,0.46
51,2001,0,0,2.59,0.46
52,2001,0,0,2.59,0.46
53,2001,0,0,2.59,0.46
54,2001,0,0,2.59,0.46
55,2001,0,0,2.59,0.46
56,2001,0,0,2.59,0.46
57,2001,0,0,2.59,0.46
62,2001,0,0,2.59,0.46
63,2001,0,0,2.59,0.46
64,2001,0,0,2.59,0.46
65,2001,0,0,2.59,0.46
66,2001,0,0,2.59,0.46
67,2001,0,0,2.59,0.46
68,2001,0,0,2.59,0.46
69,2001,0,0,2.59,0.46
75,2001,21706.78,9241.32,1.38,0.2
76,2001,3150.04,1613.6,1.38,0.2
77,2001,0,0,2.59,0.46
1,2002,0,0,2.43,0.46
2,2002,1822.5,1349.8,2.43,0.46
3,2002,13353.95,6368.9,2.43,0.46
4,2002,60033.15,18723.2,2.43,0.46
5,2002,1126.63,737.36,2.43,0.46
6,2002,498.15,345.28,2.43,0.46
7,2002,97.2,91.73,2.43,0.46
8,2002,0,0,2.43,0.46
9,2002,9198.48,5549.84,2.43,0.46
10,2002,2004.75,767.6,2.43,0.46
11,2002,18417.37,8304.36,2.43,0.46
12,2002,28771.3,15953.92,2.59,0.46
13,2002,33729.35,14122.13,2.59,0.46
14,2002,5628.86,5660.64,2.59,0.46
15,2002,0,0,2.59,0.46
16,2002,0,0,2.59,0.46
17,2002,25284.2,8815.99,2.59,0.46
18,2002,0,0,2.59,0.46
20,2002,22713.88,8021.12,2.59,0.46
21,2002,4616.98,4550.79,2.59,0.46
22,2002,3785.22,1939.14,2.59,0.46
23,2002,0,0,2.59,0.46
24,2002,6077.46,5594.16,2.59,0.46
25,2002,23170.94,8126.78,2.59,0.46
26,2002,9254,4341.79,1.49,0.21
27,2002,1704.96,1074.99,1.49,0.21
28,2002,2363.93,1058.18,1.49,0.21
29,2002,1157.71,675.42,1.49,0.21
30,2002,23312.06,7882.4,2.7,0.25
31,2002,1584.5,1613.75,2.7,0.25
32,2002,17945.3,5651.32,2.7,0.25
33,2002,2046.04,1307.05,2.7,0.25
34,2002,17783.45,5185.92,1.84,0.15
35,2002,10583.7,3369.58,1.84,0.15
37,2002,30223.35,14857.31,1.84,0.15
38,2002,0,0,1.84,0.15
39,2002,10287.16,5348.06,1.84,0.15
40,2002,21437.1,4146.43,1.84,0.15
41,2002,792.23,316.67,2.02,0.51
42,2002,452.29,488.78,2.02,0.51
43,2002,2743.12,1339.57,2.02,0.51
44,2002,2300.62,2448.25,2.02,0.51
45,2002,22018.98,5368.72,2.62,0.44
46,2002,7737.78,5006.36,2.62,0.44
47,2002,0,0,2.62,0.44
48,2002,4090.42,3223.73,2.62,0.44
49,2002,1455.38,1299.26,2.62,0.44
50,2002,0,0,2.59,0.46
51,2002,0,0,2.59,0.46
52,2002,0,0,2.59,0.46
53,2002,0,0,2.59,0.46
54,2002,0,0,2.59,0.46
55,2002,0,0,2.59,0.46
56,2002,0,0,2.59,0.46
57,2002,0,0,2.59,0.46
62,2002,0,0,2.59,0.46
63,2002,0,0,2.59,0.46
64,2002,0,0,2.59,0.46
65,2002,0,0,2.59,0.46
66,2002,0,0,2.59,0.46
67,2002,0,0,2.59,0.46
68,2002,0,0,2.59,0.46
69,2002,0,0,2.59,0.46
75,2002,11864.68,4888.46,1.34,0.23
76,2002,14198.59,10101.58,1.34,0.23
77,2002,7605.05,7165.9,2.59,0.46
1,2003,0,0,2.43,0.46
2,2003,0,0,2.43,0.46
3,2003,20030.93,9870.14,2.43,0.46
4,2003,48879.45,22009.51,2.43,0.46
5,2003,3755.45,1714.29,2.43,0.46
6,2003,747.22,530.59,2.43,0.46
7,2003,291.6,228.82,2.43,0.46
8,2003,1045.95,727.61,2.43,0.46
9,2003,6961.01,3977.09,2.43,0.46
10,2003,1336.5,679.96,2.43,0.46
11,2003,541.68,530.07,2.43,0.46
12,2003,5385.76,1035.28,2.59,0.46
13,2003,26273.39,10951.15,2.59,0.46
14,2003,1125.77,1116.72,2.59,0.46
15,2003,0,0,2.59,0.46
16,2003,0,0,2.59,0.46
17,2003,17028.14,11547.27,2.59,0.46
18,2003,2701.19,2483.11,2.59,0.46
20,2003,20175.27,5491.85,2.59,0.46
21,2003,1175.23,1164.34,2.59,0.46
22,2003,3785.22,2731.4,2.59,0.46
23,2003,0,0,2.59,0.46
24,2003,0,0,2.59,0.46
25,2003,8269.5,2816.88,1.44,0.27
26,2003,44018.83,11753.88,1.37,0.21
27,2003,10090.83,3535.66,1.37,0.21
28,2003,5985.03,2742.52,1.37,0.21
29,2003,9592.71,2871.37,1.37,0.21
30,2003,26810.5,16651.55,2,0.25
31,2003,24994.38,7657.19,2,0.25
32,2003,60744.32,12116.78,2,0.25
33,2003,5568.99,1619.07,2,0.25
34,2003,42517.52,8923.23,1.44,0.27
35,2003,34147.35,11605.75,1.44,0.27
36,2003,1631.39,1525.62,1.44,0.27
37,2003,12360.16,4796.57,1.44,0.27
38,2003,0,0,1.44,0.27
39,2003,10526.94,4107.83,1.44,0.27
40,2003,17296.58,3954.58,1.44,0.27
41,2003,7622.31,2644.18,2.08,0.06
42,2003,3263.76,1435.63,2.08,0.06
43,2003,471.29,468.42,2.08,0.06
44,2003,0,0,2.08,0.06
45,2003,16725.25,6052.4,2.66,0.46
46,2003,2810.97,1376.49,2.66,0.46
47,2003,0,0,2.66,0.46
48,2003,2080.35,1462.07,2.66,0.46
49,2003,986.92,1112.75,2.66,0.46
50,2003,0,0,2.59,0.46
51,2003,0,0,2.59,0.46
52,2003,0,0,2.59,0.46
53,2003,0,0,2.59,0.46
54,2003,0,0,2.59,0.46
55,2003,0,0,2.59,0.46
56,2003,0,0,2.59,0.46
62,2003,0,0,2.59,0.46
63,2003,0,0,2.59,0.46
64,2003,0,0,2.59,0.46
65,2003,0,0,2.59,0.46
66,2003,0,0,2.59,0.46
67,2003,0,0,2.59,0.46
68,2003,0,0,2.59,0.46
69,2003,0,0,2.59,0.46
75,2003,17791.56,10589.29,1.83,0.27
76,2003,26012.01,17269.5,1.83,0.27
77,2003,4015.46,2468.92,2.59,0.46
1,2004,267.3,262.09,2.43,0.46
2,2004,0,0,2.43,0.46
3,2004,26023.09,14830.71,2.43,0.46
4,2004,114489.45,42860.74,2.43,0.46
5,2004,751.09,723.65,2.43,0.46
6,2004,498.15,304.35,2.43,0.46
7,2004,194.4,205.33,2.43,0.46
8,2004,0,0,2.43,0.46
9,2004,3480.5,2770.17,2.43,0.46
10,2004,0,0,2.43,0.46
11,2004,11104.59,4752.35,2.43,0.46
12,2004,4535.37,3858.64,2.59,0.46
13,2004,31244.03,6317.29,2.59,0.46
14,2004,25646.5,17649.81,2.59,0.46
15,2004,0,0,2.59,0.46
16,2004,0,0,2.59,0.46
17,2004,9632.07,9077.14,2.59,0.46
18,2004,0,0,2.59,0.46
20,2004,17903.88,10353.18,2.59,0.46
21,2004,2272.97,1745.72,2.59,0.46
22,2004,11355.68,4794.99,2.59,0.46
23,2004,8216.52,5694.14,2.59,0.46
24,2004,9034.07,7057.79,2.59,0.46
25,2004,18935.32,8278.41,1.99,0.58
26,2004,38520.11,20399.2,1.36,0.21
27,2004,2664.13,1215.23,1.36,0.21
28,2004,5386.83,1914.71,1.36,0.21
29,2004,3587.88,1107.97,1.36,0.21
30,2004,22545.57,10292.92,2.51,0.24
31,2004,27200.22,9892.96,2.51,0.24
32,2004,26642.68,4448.31,2.51,0.24
33,2004,10758.45,4217.88,2.51,0.24
34,2004,28070.17,9425.31,1.99,0.58
35,2004,5715.13,2692.34,1.99,0.58
36,2004,1122.88,1053.92,1.99,0.58
37,2004,11910.44,5697.61,1.99,0.58
38,2004,1250.73,968.71,1.99,0.58
39,2004,31558.87,16638.72,1.99,0.58
40,2004,24211.65,9096.15,1.99,0.58
41,2004,4348.29,1414.52,2.08,0.05
42,2004,6051.09,2390.49,2.08,0.05
43,2004,0,0,2.08,0.05
44,2004,1578.41,1524.79,2.08,0.05
45,2004,34013.68,7790.35,2.54,0.46
46,2004,3486.25,1111.11,2.54,0.46
47,2004,0,0,2.54,0.46
48,2004,4763.29,4346.37,2.54,0.46
49,2004,1412.33,1261.52,2.54,0.46
50,2004,0,0,2.59,0.46
51,2004,0,0,2.59,0.46
52,2004,0,0,2.59,0.46
53,2004,0,0,2.59,0.46
54,2004,1112.79,1163.86,2.59,0.46
55,2004,0,0,2.59,0.46
56,2004,0,0,2.59,0.46
57,2004,0,0,2.59,0.46
62,2004,0,0,2.59,0.46
63,2004,0,0,2.59,0.46
64,2004,0,0,2.59,0.46
65,2004,0,0,2.59,0.46
66,2004,0,0,2.59,0.46
67,2004,0,0,2.59,0.46
68,2004,0,0,2.59,0.46
69,2004,0,0,2.59,0.46
75,2004,18615.77,9501.36,1.72,0.25
76,2004,6227.63,3095.91,1.72,0.25
77,2004,0,0,2.59,0.46
1,2005,0,0,2.43,0.46
2,2005,0,0,2.43,0.46
3,2005,16093.22,11347.93,2.43,0.46
4,2005,42646.5,16275.83,2.43,0.46
5,2005,2065.5,1990.05,2.43,0.46
6,2005,4483.35,2965.24,2.43,0.46
8,2005,0,0,2.43,0.46
9,2005,16159.5,14636.06,2.43,0.46
10,2005,0,0,2.43,0.46
11,2005,6500.25,5818.95,2.43,0.46
12,2005,6803.06,2428.04,2.59,0.46
13,2005,2840.36,2840.36,2.59,0.46
14,2005,0,0,2.59,0.46
15,2005,0,0,2.59,0.46
16,2005,6338.89,5426.38,2.59,0.46
17,2005,5418.04,4018.12,2.59,0.46
18,2005,0,0,2.59,0.46
20,2005,16300.55,12550.38,2.59,0.46
21,2005,587.61,581.68,2.59,0.46
22,2005,25865.71,10820.11,2.59,0.46
23,2005,0,0,2.59,0.46
24,2005,0,0,2.59,0.46
25,2005,12740,8353.22,1.5,0.23
26,2005,28171.04,11699.09,1.17,0.28
27,2005,7862.06,4872.23,1.17,0.28
28,2005,3373.26,1749.24,1.17,0.28
29,2005,3281.25,1671.33,1.17,0.28
30,2005,50643.06,19252.02,1.25,0.29
31,2005,20916.63,9702.77,1.25,0.29
32,2005,25767.12,7457.73,1.25,0.29
33,2005,3474.88,1792.34,1.25,0.29
34,2005,38816.92,8633.94,1.5,0.23
35,2005,22825.33,5093.08,1.5,0.23
36,2005,0,0,1.5,0.23
37,2005,19782,12072.83,1.5,0.23
38,2005,0,0,1.5,0.23
39,2005,4691.55,1264.55,1.5,0.23
40,2005,23184,4300.79,1.5,0.23
41,2005,2941,1334.54,2.04,0.05
42,2005,457.92,497.25,2.04,0.05
43,2005,1388.63,957.48,2.04,0.05
44,2005,0,0,2.04,0.05
45,2005,21042.57,5981.33,2.72,0.42
46,2005,5463.83,1482.15,2.72,0.42
47,2005,0,0,2.72,0.42
48,2005,1702.6,1701.54,2.72,0.42
49,2005,3028.96,2514.9,2.72,0.42
50,2005,0,0,2.59,0.46
51,2005,0,0,2.59,0.46
52,2005,0,0,2.59,0.46
53,2005,0,0,2.59,0.46
54,2005,0,0,2.59,0.46
55,2005,0,0,2.59,0.46
56,2005,0,0,2.59,0.46
57,2005,0,0,2.59,0.46
58,2005,0,0,2.59,0.46
62,2005,0,0,2.59,0.46
63,2005,0,0,2.59,0.46
64,2005,0,0,2.59,0.46
65,2005,0,0,2.59,0.46
66,2005,0,0,2.59,0.46
67,2005,0,0,2.59,0.46
68,2005,0,0,2.59,0.46
69,2005,0,0,2.59,0.46
75,2005,18173.14,6798.06,1.52,0.34
76,2005,6952.08,4648.19,1.52,0.34
77,2005,41493.15,25885.33,2.59,0.46
1,2006,0,0,2.43,0.46
2,2006,0,0,2.43,0.46
3,2006,5820.95,3372.09,2.43,0.46
4,2006,51831.9,24215.69,2.43,0.46
5,2006,0,0,2.43,0.46
6,2006,1494.45,804.74,2.43,0.46
7,2006,0,0,2.43,0.46
8,2006,0,0,2.43,0.46
9,2006,2491.82,1079.46,2.43,0.46
10,2006,0,0,2.43,0.46
11,2006,541.68,530.07,2.43,0.46
12,2006,11054.98,4662.54,2.59,0.46
13,2006,12071.55,7898.21,2.59,0.46
14,2006,8482.56,4060.55,2.59,0.46
15,2006,0,0,2.59,0.46
16,2006,0,0,2.59,0.46
17,2006,18662.15,7582.05,2.59,0.46
18,2006,13505.98,10430.93,2.59,0.46
20,2006,20843.33,8319.69,2.59,0.46
21,2006,570.68,573.93,2.59,0.46
22,2006,0,0,2.59,0.46
23,2006,1193.58,1210.4,2.59,0.46
24,2006,0,0,2.59,0.46
25,2006,11009.38,4576.12,1.72,0.27
26,2006,48754.89,14078.55,1.34,0.24
27,2006,11749.81,7206.32,1.34,0.24
28,2006,8328.19,2201.09,1.34,0.24
29,2006,7450.6,2862.3,1.34,0.24
30,2006,85976.71,34542.06,1.61,0.27
31,2006,60625.86,29937.77,1.61,0.27
32,2006,47419.56,11612.38,1.61,0.27
33,2006,4892.82,2324.42,1.61,0.27
34,2006,65048.75,13785.32,1.72,0.27
35,2006,22725.08,7744.99,1.72,0.27
36,2006,323.54,302.3,1.72,0.27
37,2006,41392.25,23874.6,1.72,0.27
38,2006,360.38,272.86,1.72,0.27
39,2006,15681.29,4818.79,1.72,0.27
40,2006,29716.66,8240.2,1.72,0.27
41,2006,6372.99,2311.06,2.03,0.05
42,2006,4093.23,3415.36,2.03,0.05
43,2006,1838.88,1886,2.03,0.05
44,2006,0,0,2.03,0.05
45,2006,23025.83,6537.72,2.79,0.44
46,2006,3540.07,1788.25,2.79,0.44
47,2006,0,0,2.79,0.44
48,2006,3929.92,2172.17,2.79,0.44
49,2006,2330.47,2158.97,2.79,0.44
50,2006,0,0,2.59,0.46
51,2006,0,0,2.59,0.46
52,2006,0,0,2.59,0.46
53,2006,0,0,2.59,0.46
54,2006,0,0,2.59,0.46
55,2006,0,0,2.59,0.46
56,2006,0,0,2.59,0.46
57,2006,0,0,2.59,0.46
58,2006,0,0,2.59,0.46
59,2006,0,0,2.59,0.46
62,2006,0,0,2.59,0.46
63,2006,0,0,2.59,0.46
64,2006,0,0,2.59,0.46
65,2006,0,0,2.59,0.46
66,2006,0,0,2.59,0.46
67,2006,0,0,2.59,0.46
68,2006,0,0,2.59,0.46
69,2006,0,0,2.59,0.46
70,2006,0,0,2.59,0.46
75,2006,32176.52,20096.22,1.96,0.42
76,2006,2345.14,1460.33,1.96,0.42
77,2006,1338.48,1298.43,2.59,0.46
1,2007,3266.900541,3564.34842,2.43,0.46
2,2007,0,0,2.43,0.46
3,2007,14094.74917,8621.757947,2.43,0.46
4,2007,38591.15435,20123.52022,2.43,0.46
5,2007,759.6080236,520.0301457,2.43,0.46
6,2007,1263.945863,703.6066677,2.43,0.46
7,2007,0,0,2.43,0.46
8,2007,0,0,2.43,0.46
9,2007,11084.21887,4115.019693,2.43,0.46
10,2007,0,0,2.43,0.46
11,2007,1644.912965,1112.089603,2.43,0.46
12,2007,21012.04448,14732.93348,2.59,0.46
13,2007,19218.824,10056.74573,2.59,0.46
14,2007,2314.029078,1432.699067,2.59,0.46
15,2007,0,0,2.59,0.46
16,2007,0,0,2.59,0.46
17,2007,26511.09103,22978.2813,2.59,0.46
18,2007,0,0,2.59,0.46
20,2007,33848.8451,15168.4348,2.59,0.46
21,2007,0,0,2.59,0.46
22,2007,15243.16826,8222.303287,2.59,0.46
23,2007,0,0,2.59,0.46
24,2007,1695.716402,1778.077988,2.59,0.46
25,2007,17220.85847,9178.708681,1.45882,0.28466
26,2007,84977.68472,28516.28799,1.87234,0.282942
27,2007,17540.61337,5629.62986,1.87234,0.282942
28,2007,16446.22031,8931.982998,1.87234,0.282942
29,2007,8331.756899,3608.769645,1.87234,0.282942
30,2007,93591.26059,22964.50811,2.25,0.478767
31,2007,118112.1488,55671.82815,2.25,0.478767
32,2007,50529.35073,17091.19033,2.25,0.478767
33,2007,561.2091206,543.4433057,2.25,0.478767
34,2007,48739.27942,11640.03837,1.45882,0.28466
35,2007,12810.95917,3227.709125,1.45882,0.28466
36,2007,1643.564107,1590.089911,1.45882,0.28466
37,2007,39499.26875,15381.5512,1.45882,0.28466
38,2007,300.8251022,229.0830645,1.45882,0.28466
39,2007,14399.44807,3280.293963,1.45882,0.28466
40,2007,21407.34495,5710.65221,1.45882,0.28466
41,2007,5648.256079,1879.415074,2.875,0.767716
42,2007,9780.951572,4385.778456,2.875,0.767716
43,2007,1322.195742,877.2422546,2.875,0.767716
44,2007,0,0,2.875,0.767716
45,2007,38316.55505,12123.99677,2.63107,0.39497
46,2007,7533.135434,2169.676437,2.63107,0.39497
47,2007,0,0,2.63107,0.39497
48,2007,6188.823601,2716.698289,2.63107,0.39497
49,2007,2456.004079,1478.628583,2.63107,0.39497
50,2007,0,0,2.59,0.46
51,2007,0,0,2.59,0.46
52,2007,0,0,2.59,0.46
53,2007,0,0,2.59,0.46
54,2007,0,0,2.59,0.46
56,2007,0,0,2.59,0.46
57,2007,0,0,2.59,0.46
58,2007,0,0,2.59,0.46
59,2007,0,0,2.59,0.46
62,2007,0,0,2.59,0.46
63,2007,0,0,2.59,0.46
64,2007,0,0,2.59,0.46
65,2007,0,0,2.59,0.46
66,2007,0,0,2.59,0.46
67,2007,0,0,2.59,0.46
68,2007,0,0,2.59,0.46
69,2007,0,0,2.59,0.46
70,2007,0,0,2.59,0.46
75,2007,29506.58546,9676.482703,2.12037,0.354943
76,2007,26167.42515,10971.40978,2.12037,0.354943
77,2007,1343.545703,1255.078995,2.59,0.46
1,2008,0,0,2.43,0.46
2,2008,368,381,2.43,0.46
3,2008,11022,7166,2.43,0.46
4,2008,40674,17712,2.43,0.46
5,2008,761,520,2.43,0.46
6,2008,253,255,2.43,0.46
7,2008,96,91,2.43,0.46
8,2008,0,0,2.43,0.46
9,2008,4578,2969,2.43,0.46
10,2008,2048,1920,2.43,0.46
11,2008,2747,1935,2.43,0.46
12,2008,9373,5105,2.59,0.46
13,2008,14265,6361,2.59,0.46
14,2008,7134,5264,2.59,0.46
15,2008,0,0,2.59,0.46
16,2008,0,0,2.59,0.46
17,2008,1207,1185,2.59,0.46
18,2008,0,0,2.59,0.46
20,2008,19638,5736,2.59,0.46
21,2008,0,0,2.59,0.46
22,2008,1278,749,2.59,0.46
23,2008,0,0,2.59,0.46
24,2008,2713,2212,2.59,0.46
25,2008,19341,13527,2.59,0.46
26,2008,59842,19343,1.89,0.4
27,2008,10066,3230,1.89,0.4
28,2008,7002,2484,1.89,0.4
29,2008,2028,919,1.89,0.4
30,2008,57696,13729,1.85,0.41
31,2008,42199,17326,1.85,0.41
32,2008,30046,12281,1.85,0.41
33,2008,923,998,1.85,0.41
34,2008,27111,6450,0.75,0.14
35,2008,8352,3205,0.75,0.14
36,2008,498,466,0.75,0.14
37,2008,11334,2932,0.75,0.14
38,2008,621,119,0.75,0.14
39,2008,6403,1327,0.75,0.14
40,2008,11665,2302,0.75,0.14
41,2008,3696,594,2,0.05
42,2008,4050,1203,2,0.05
43,2008,457,458,2,0.05
44,2008,517,511,2,0.05
45,2008,14740,5157,2.67,0.41
46,2008,6237,1697,2.67,0.41
47,2008,0,0,2.67,0.41
48,2008,2515,1415,2.67,0.41
49,2008,1497,1112,2.67,0.41
50,2008,0,0,NA,NA
75,2008,34472,14751,1.89,0.46
76,2008,7183,2821,1.89,0.46
77,2008,0,0,2.59,0.46
1,2009,0,0,2.43,0.46
2,2009,1106,1048,2.43,0.46
3,2009,7796,5132,2.43,0.46
4,2009,24456,9539,2.43,0.46
5,2009,1902,1833,2.43,0.46
6,2009,1013,703,2.43,0.46
7,2009,870,919,2.43,0.46
8,2009,0,0,2.43,0.46
9,2009,3028,1362,2.43,0.46
10,2009,0,0,2.43,0.46
11,2009,549,538,2.43,0.46
12,2009,576,545,2.59,0.46
13,2009,6419,2419,2.59,0.46
14,2009,7913,7948,2.59,0.46
15,2009,0,0,2.59,0.46
16,2009,6433,7892,2.59,0.46
17,2009,15694,10024,2.59,0.46
18,2009,4567,1535,2.59,0.46
20,2009,32862,10288,2.59,0.46
21,2009,563,560,2.59,0.46
22,2009,12587,6607,2.59,0.46
23,2009,1232,1224,2.59,0.46
24,2009,2549,2663,2.59,0.46
25,2009,31796,13386,2.59,0.46
26,2009,31876,12002,2.43,0.68
27,2009,8243,4182,2.43,0.68
28,2009,6165,3951,2.43,0.68
29,2009,5594,3652,2.43,0.68
30,2009,68806,22792,3.65,0.88
31,2009,79992,31397,3.65,0.88
32,2009,64756,18675,3.65,0.88
33,2009,5464,2592,3.65,0.88
34,2009,29354,5151,1.27,0.18
35,2009,31956,8549,1.27,0.18
36,2009,2048,1913,1.27,0.18
37,2009,15897,6214,1.27,0.18
38,2009,525,398,1.27,0.18
39,2009,14965,3941,1.27,0.18
40,2009,14959,3328,1.27,0.18
41,2009,7674,2850,2,0.05
42,2009,3142,2219,2,0.05
43,2009,8449,3645,2,0.05
44,2009,6714,2412,2,0.05
45,2009,63300,17414,1.75,0.43
46,2009,9740,3597,1.75,0.43
47,2009,611,592,1.75,0.43
48,2009,3429,1752,1.75,0.43
49,2009,326,359,1.75,0.43
50,2009,0,0,NA,NA
75,2009,11030,5376,2.24,0.45
76,2009,3189,1544,2.24,0.45
77,2009,0,0,2.59,0.46
1,2010,546,536,2.43,0.46
2,2010,0,0,2.43,0.46
3,2010,11052,8301,2.43,0.46
4,2010,15864,7175,2.43,0.46
5,2010,0,0,2.43,0.46
6,2010,0,0,2.43,0.46
7,2010,2224,2247,2.43,0.46
8,2010,533,537,2.43,0.46
9,2010,9591,9169,2.43,0.46
10,2010,683,406,2.43,0.46
11,2010,3846,3245,2.43,0.46
12,2010,12546,2534,2.59,0.46
13,2010,22824,9767,2.59,0.46
14,2010,1131,1122,2.59,0.46
15,2010,0,0,2.59,0.46
16,2010,0,0,2.59,0.46
17,2010,3949,4316,2.59,0.46
18,2010,2284,2363,2.59,0.46
20,2010,12962,5030,2.59,0.46
21,2010,0,0,2.59,0.46
22,2010,8312,3049,2.59,0.46
23,2010,0,0,2.59,0.46
24,2010,850,903,2.59,0.46
25,2010,9085,4227,2.59,0.46
26,2010,18857,4029,2.09,0.31
27,2010,6409,2536,2.09,0.31
28,2010,7744,1917,2.09,0.31
29,2010,6125,2659,2.09,0.31
30,2010,41153,16650,2.44,0.56
31,2010,61753,21394,2.44,0.56
32,2010,38866,11027,2.44,0.56
33,2010,4877,2301,2.44,0.56
34,2010,33631,10171,1.64,0.34
35,2010,12202,4378,1.64,0.34
36,2010,311,291,1.64,0.34
37,2010,13754,4310,1.64,0.34
38,2010,0,0,1.64,0.34
39,2010,6906,1856,1.64,0.34
40,2010,13722,3555,1.64,0.34
41,2010,9358,1676,2,0.05
42,2010,13927,7276,2,0.05
43,2010,6399,3550,2,0.05
44,2010,11371,5653,2,0.05
45,2010,97831,28483,1.88,0.37
46,2010,15612,4211,1.88,0.37
47,2010,0,0,1.88,0.37
48,2010,15390,6383,1.88,0.37
49,2010,2290,1780,1.88,0.37
50,2010,0,0,NA,NA
75,2010,14523,9701,2.3,0.41
76,2010,8487,7399,2.3,0.41
77,2010,5384,2742,2.59,0.46
1,2011,606,574,2.43,0.46
2,2011,369,380,2.43,0.46
3,2011,5511,3296,2.43,0.46
4,2011,10245,6081,2.43,0.46
5,2011,381,367,2.43,0.46
6,2011,253,241,2.43,0.46
7,2011,967,1021,2.43,0.46
8,2011,0,0,2.43,0.46
9,2011,1010,608,2.43,0.46
10,2011,0,0,2.43,0.46
11,2011,549,538,2.43,0.46
12,2011,2596,1784,2.59,0.46
13,2011,12839,6208,2.59,0.46
14,2011,1131,1122,2.59,0.46
15,2011,2405,1855,2.59,0.46
16,2011,0,0,2.59,0.46
17,2011,9658,4777,2.59,0.46
18,2011,0,0,2.59,0.46
20,2011,10343,5902,2.59,0.46
21,2011,1691,905,2.59,0.46
22,2011,12149,3792,2.59,0.46
23,2011,9566,4967,2.59,0.46
24,2011,1700,1051,2.59,0.46
25,2011,5421,3488,2.59,0.46
26,2011,24992,6253,3.66,0.65
27,2011,4144,1434,3.66,0.65
28,2011,2860,2811,3.66,0.65
29,2011,1135,703,3.66,0.65
30,2011,76360,22393,1.72,0.29
31,2011,65085,18955,1.72,0.29
32,2011,68122,12528,1.72,0.29
33,2011,8154,3705,1.72,0.29
34,2011,68291,10591,2.41,0.26
35,2011,48948,8289,2.41,0.26
36,2011,411,454,1.72,0.29
37,2011,19574,3058,2.41,0.26
38,2011,0,0,2.41,0.26
39,2011,29161,7171,2.41,0.26
40,2011,18482,3904,2.41,0.26
41,2011,7251,3987,2.02,0.05
42,2011,3450,3168,2.02,0.05
43,2011,5739,5838,2.02,0.05
44,2011,526,533,2.02,0.05
45,2011,85967,19790,2.57,0.5
46,2011,25621,7333,2.57,0.5
47,2011,0,0,2.57,0.5
48,2011,14542,4872,2.57,0.5
49,2011,8637,4144,2.57,0.5
50,2011,0,0,NA,NA
75,2011,11031,4456,3.03,0.49
76,2011,2157,803,3.03,0.49
77,2011,1529,1490,2.59,0.46
1,2012,0,0,2.43,0.46
2,2012,0,0,2.43,0.46
3,2012,8956,5771,2.43,0.46
4,2012,12559,5899,2.43,0.46
5,2012,761,732,2.43,0.46
6,2012,0,0,2.43,0.46
7,2012,97,102,2.43,0.46
8,2012,0,0,2.43,0.46
9,2012,1514,735,2.43,0.46
10,2012,0,0,2.43,0.46
11,2012,2747,2380,2.43,0.46
12,2012,8364,5092,2.59,0.46
13,2012,27104,14004,2.59,0.46
14,2012,1174,1190,2.59,0.46
15,2012,0,0,2.59,0.46
16,2012,0,0,2.59,0.46
17,2012,30786,22623,2.59,0.46
18,2012,2284,2363,2.59,0.46
20,2012,10343,4145,2.59,0.46
21,2012,945,877,2.59,0.46
22,2012,3836,1976,2.59,0.46
23,2012,5338,3446,2.59,0.46
24,2012,6798,4799,2.59,0.46
25,2012,9922,5001,2.59,0.46
26,2012,102253,26131,6.18,1.2
27,2012,19979,5674,6.18,1.2
28,2012,10861,6521,6.18,1.2
29,2012,12499,3190,6.18,1.2
30,2012,79371,35096,2.77,0.38
31,2012,95978,30707,2.77,0.38
32,2012,62240,13533,2.77,0.38
33,2012,5533,1606,2.77,0.38
34,2012,47049,11303,1.86,0.26
35,2012,22821,5767,1.86,0.26
36,2012,4055,2265,1.86,0.26
37,2012,4835,2015,1.86,0.26
38,2012,0,0,1.86,0.26
39,2012,20973,5609,1.86,0.26
40,2012,22624,6349,1.86,0.26
41,2012,4383,3135,2.05,0.05
42,2012,1465,1412,2.05,0.05
43,2012,3460,3392,2.05,0.05
44,2012,1124,1176,2.05,0.05
45,2012,58000,16343,2.59,0.49
46,2012,10984,4029,2.59,0.49
47,2012,0,0,2.59,0.49
48,2012,14618,6769,2.59,0.49
49,2012,484,391,2.59,0.49
50,2012,0,0,NA,NA
75,2012,6130,2882,1.73,0.5
76,2012,7823,4892,1.73,0.5
77,2012,6867,6373,2.59,0.46
2,2013,0,0,2.43,0.46
3,2013,11945,9696,2.43,0.46
4,2013,10576,6857,2.43,0.46
5,2013,1522,1467,2.43,0.46
7,2013,0,0,2.43,0.46
8,2013,1069,1076,2.43,0.46
9,2013,4543,4343,2.43,0.46
10,2013,0,0,2.43,0.46
11,2013,1648,859,2.43,0.46
12,2013,2307,1365,2.59,0.46
13,2013,38160,19036,2.59,0.46
14,2013,1226,1223,2.59,0.46
15,2013,0,0,2.59,0.46
16,2013,0,0,2.59,0.46
17,2013,2415,2411,2.59,0.46
18,2013,0,0,2.59,0.46
20,2013,27756,14928,2.59,0.46
21,2013,0,0,2.59,0.46
22,2013,1279,1325,2.59,0.46
23,2013,0,0,2.59,0.46
24,2013,11897,8423,2.59,0.46
25,2013,16851,7551,2.59,0.46
26,2013,39908,7522,2.64,0.42
27,2013,10342,4069,2.64,0.42
28,2013,3658,2048,2.64,0.42
29,2013,409,402,2.64,0.42
30,2013,87189,16949,1.8,0.29
31,2013,62374,19463,1.8,0.29
32,2013,102465,20017,1.8,0.29
33,2013,6299,1943,1.8,0.29
34,2013,73832,18585,1.91,0.33
35,2013,49193,14313,1.91,0.33
36,2013,5744,3273,1.8,0.29
37,2013,21195,6321,1.91,0.33
38,2013,1976,811,1.91,0.33
39,2013,13020,4305,1.91,0.33
40,2013,20064,4921,1.91,0.33
41,2013,6942,3273,2.05,0.05
42,2013,3222,1418,2.05,0.05
43,2013,3298,1450,2.05,0.05
44,2013,0,0,2.05,0.05
45,2013,95107,21632,2.5,0.45
46,2013,11548,5086,2.5,0.45
47,2013,0,0,2.5,0.45
48,2013,8636,3565,2.5,0.45
49,2013,3739,1980,2.5,0.45
75,2013,12074,4493,1.73,0.5
76,2013,1235,807,1.73,0.5
77,2013,9422,9010,2.59,0.46
1,2014,0,0,2.43,0.46
2,2014,0,0,2.43,0.46
3,2014,2067,1615,2.43,0.46
4,2014,18508,11178,2.43,0.46
5,2014,0,0,2.43,0.46
6,2014,0,0,2.43,0.46
7,2014,0,0,2.43,0.46
8,2014,0,0,2.43,0.46
9,2014,0,0,2.43,0.46
10,2014,0,0,2.43,0.46
11,2014,0,0,2.43,0.46
12,2014,288,273,2.59,0.46
13,2014,7489,6574,2.59,0.46
14,2014,0,0,2.59,0.46
15,2014,4810,5919,2.59,0.46
16,2014,0,0,2.59,0.46
17,2014,4829,2962,2.59,0.46
18,2014,2284,1781,2.59,0.46
20,2014,21210,9927,2.59,0.46
21,2014,573,576,2.59,0.46
22,2014,8312,7230,2.59,0.46
23,2014,3587,1775,2.59,0.46
24,2014,850,888,2.59,0.46
25,2014,9671,7937,2.59,0.46
26,2014,56241,16190,3.74,0.57
27,2014,6649,2017,3.74,0.57
28,2014,2191,1230,3.74,0.57
29,2014,6365,2924,3.74,0.57
30,2014,65077,12698,2.11,0.29
31,2014,44766,11687,2.11,0.29
32,2014,90661,14748,2.11,0.29
33,2014,6328,3716,2.11,0.29
34,2014,85316,21224,1.6,0.18
35,2014,32652,11487,1.6,0.18
36,2014,2118,1977,1.6,0.18
37,2014,10703,3536,1.6,0.18
38,2014,661,498,1.6,0.18
39,2014,21259,4467,1.6,0.18
40,2014,24682,4180,1.6,0.18
41,2014,2999,957,2.06,0.05
42,2014,3234,2328,2.06,0.05
43,2014,5203,5325,2.06,0.05
44,2014,3987,2279,2.06,0.05
45,2014,86060,22872,2.53,0.45
46,2014,11831,4668,2.53,0.45
47,2014,1772,1715,2.53,0.45
48,2014,8349,4054,2.53,0.45
49,2014,473,522,2.53,0.45
50,2014,0,0,NA,NA
75,2014,7812,2681,1.73,0.5
76,2014,10705,8797,1.73,0.5
77,2014,2692,1949,2.59,0.46
1,2015,0,0,2.43,0.46
2,2015,0,0,2.43,0.46
3,2015,6150,3728,2.43,0.46
4,2015,33050,23103,2.43,0.46
5,2015,0,0,2.43,0.46
6,2015,0,0,2.43,0.46
7,2015,0,0,2.43,0.46
8,2015,0,0,2.43,0.46
9,2015,522,542,2.43,0.46
10,2015,797,1045,2.43,0.46
11,2015,0,0,2.43,0.46
12,2015,288,323,2.59,0.46
13,2015,18902,11865,2.59,0.46
14,2015,1134,1062,2.59,0.46
15,2015,0,0,2.59,0.46
16,2015,6434,6895,2.59,0.46
17,2015,15695,9765,2.59,0.46
18,2015,0,0,2.59,0.46
20,2015,39016,18506,2.59,0.46
21,2015,3382,1997,2.59,0.46
22,2015,7673,4973,2.59,0.46
23,2015,5979,2502,2.59,0.46
24,2015,3399,2054,2.59,0.46
25,2015,14946,4258,2.59,0.46
26,2015,88426,20293,5.39,1.04
27,2015,10454,5363,5.39,1.04
28,2015,9623,6716,5.39,1.04
29,2015,5847,2259,5.39,1.04
30,2015,55385,13827,1.66,0.23
31,2015,49439,12059,1.66,0.23
32,2015,74911,11829,1.66,0.23
33,2015,9125,4156,1.66,0.23
34,2015,56068,12387,1.03,0.14
35,2015,25308,5438,1.03,0.14
36,2015,3516,2679,1.03,0.14
37,2015,5922,1870,1.03,0.14
38,2015,213,161,1.03,0.14
39,2015,12406,3143,1.03,0.14
40,2015,15454,5096,1.03,0.14
41,2015,5638,2728,2.03,0.05
42,2015,936,638,2.03,0.05
43,2015,7067,5018,2.03,0.05
44,2015,4467,3234,2.03,0.05
45,2015,102239,33110,2.42,0.44
46,2015,21372,6930,2.42,0.44
47,2015,0,0,2.42,0.44
48,2015,6533,3003,2.42,0.44
49,2015,1576,1753,2.42,0.44
50,2015,0,0,NA,NA
75,2015,8524,3810,1.73,0.5
76,2015,2470,1520,1.73,0.5
77,2015,17000,18430,2.59,0.46
